player_id,player_name,team_name,season_id,season_name,primary_position,secondary_position,player_season_minutes,PC1,PC2,PC3,PC4,PC5,PC6,PC7,cluster
28529,Fernando David Arce Juárez,Juárez,108,2021/2022,Left Defensive Midfielder,Centre Defensive Midfielder,1233.9667,-3.482053685637018,-2.882417525406997,1.3856489648033483,-0.3555561470184584,6.39182705018394,-0.7117157303370257,4.0814475110767905,2
30458,Alejandro Zendejas Saavedra,Necaxa,108,2021/2022,Left Centre Midfielder,Left Defensive Midfielder,1794.3,5.297519300181737,-2.1236322658586566,0.3174762807491183,2.038728708709399,3.456311971534964,-0.8416534065484752,2.6796105363351965,0
31044,Jefferson Alfredo Intriago Mendoza,Mazatlán,108,2021/2022,Right Defensive Midfielder,Left Defensive Midfielder,1779.0333,-2.5463738152039204,-0.6278397097159893,-1.6829889979896115,0.7639227335031729,-2.5471928955839043,0.927938696996635,1.35325913989411,1
26361,Jordan Steeven Sierra Flores,Toluca,108,2021/2022,Right Defensive Midfielder,Left Defensive Midfielder,1420.3501,-2.255907123897662,-2.2638586523317414,3.15659978284012,-2.6182719589235766,-2.024729075592074,-1.677301733372885,-0.37076923366636555,2
31044,Jefferson Alfredo Intriago Mendoza,Juárez,108,2021/2022,Centre Defensive Midfielder,Right Centre Midfielder,1185.9833,-1.6850297559488745,-0.3049996781725918,-2.226127810577096,-3.3525718819332577,-0.05391217537648258,-1.2800631319789042,3.216688612057755,2
4493,Cristian Damián Battocchio,Pumas UNAM,108,2021/2022,Right Defensive Midfielder,Centre Attacking Midfielder,841.1833,2.360540541798838,-0.0777731772325686,-5.131089917782045,-1.507876118799242,-1.0704041300018723,-0.1666463824253828,-2.5574230303961234,0
5529,Víctor Yoshimar Yotún Flores,Cruz Azul,108,2021/2022,Left Defensive Midfielder,Left Centre Midfielder,878.25006,3.1602588686144197,5.470541976802226,-0.8678591325386326,2.728464722925302,-1.9855702007378504,-3.52363403613681,-0.7152895382880281,0
5526,Pedro Jesús Aquino Sánchez,América,108,2021/2022,Right Defensive Midfielder,Centre Defensive Midfielder,1762.25,-3.364230374027196,0.3826342830644243,2.9467599753143316,2.214448698019317,-1.205686564954276,-0.08571714257733176,-1.3134529205566812,1
27234,Christian Hernando Rivera Cuéllar,Tijuana,108,2021/2022,Left Defensive Midfielder,Right Defensive Midfielder,2812.0334,-2.4994349594650087,1.5343503038819035,4.7973847561398735,2.808255117148518,-0.979627845801807,0.5224852831661305,1.5184287833523473,1
50461,Juan Manuel Sanabria Magole,Atlético San Luis,108,2021/2022,Left Defensive Midfielder,Right Centre Midfielder,2795.3835,1.1683530014521906,-3.1263558711097827,-1.4683759745015534,4.449716268498045,0.4584960088297206,-1.981318876597662,1.6583648714869466,0
45216,Facundo Federico Waller Martiarena,Atlético San Luis,108,2021/2022,Left Centre Midfielder,Left Wing Back,2573.4668,4.970079483774873,-0.820696973395098,-0.2716330410763789,5.228838532704455,-0.2362672164987983,2.76940851587027,1.5167599715485418,0
27904,Fernando Gorriarán Fontes,Santos Laguna,108,2021/2022,Left Defensive Midfielder,Right Defensive Midfielder,3171.8828,4.956862334897022,0.9272187220439999,-0.2968127731293225,2.6650547939383347,0.04646945824877494,0.13636209806763172,0.01686819013001787,0
36661,Bryan Olivera Calvo,Querétaro,108,2021/2022,Left Centre Midfielder,Centre Attacking Midfielder,1054.0333,5.7321717729748665,-1.7698249751285007,-3.1154089997235643,1.811202637514258,-1.6432887053909473,1.3835312144334095,0.891596882310577,0
35976,Gonzalo Gastón Freitas Silva,Mazatlán,108,2021/2022,Centre Defensive Midfielder,Right Defensive Midfielder,1575.133,-6.814247259179815,-2.287715808713879,-0.8682083340285057,4.142626452843058,-2.487432832997774,0.28047102748992303,0.4930535992802815,2
26351,Celso Fabián Ortiz Gamarra,Monterrey,108,2021/2022,Left Defensive Midfielder,Centre Defensive Midfielder,2344.9001,-4.137769332437232,2.454568474763294,2.4323572344512825,1.2488725716752445,0.07421491687853156,1.2446382078610003,-0.805210330972779,1
31956,Richard Rafael Sánchez Guerrero,América,108,2021/2022,Right Defensive Midfielder,Right Centre Midfielder,2434.333,2.9305624114884257,3.6167782314902164,-4.409588727795255,-0.3829883948224859,-0.7956722960216958,-0.9119430991694134,1.2474996419925788,0
37359,Roberto Ismael Meraz Bernal,Mazatlán,108,2021/2022,Left Defensive Midfielder,Right Defensive Midfielder,2534.0002,-4.350582046433828,-5.2078666547304175,-2.957387000960308,0.0700012904077544,1.7561336369780198,-0.5049126518941656,0.7521591412232357,2
27953,Andrés Iniestra Vázquez Mellado,Atlético San Luis,108,2021/2022,Right Defensive Midfielder,Right Centre Midfielder,1300.8668,-3.884792844507548,-3.327070057761912,-2.873632616467585,-0.5655454201297786,-1.3217513269651007,1.185638607945455,-1.2123936327173204,2
26289,Javier Güemez López,Atlético San Luis,108,2021/2022,Centre Defensive Midfielder,Right Defensive Midfielder,3457.7004,-3.1420416783588228,0.797851071802024,-3.04240658741613,2.8873874344525494,-0.649350873541542,2.4425352264134474,-1.1394885978137665,1
183000,Santiago Trigos Nava,Pumas UNAM,108,2021/2022,Right Defensive Midfielder,Left Defensive Midfielder,595.7834,-3.0220463051550412,1.0670070037522748,3.8474728220347685,-0.9811551032606445,-2.3474713208606808,-1.2369962963275543,1.5647379760469542,1
29265,Alan Jhosué Cervantes Martín del Campo,Santos Laguna,108,2021/2022,Right Defensive Midfielder,Left Defensive Midfielder,2591.25,-2.8204745700777174,-0.8958901076786685,2.2886449014309562,0.1072077507653636,-2.9361368939345356,1.1834773042229387,1.6914270583027387,1
26376,Ronaldo De Jesús Prieto Ramírez,Santos Laguna,108,2021/2022,Left Defensive Midfielder,Left Back,1148.1165,-0.9004129649768765,1.9578251159444027,-5.0933412357999135,5.765198491849297,-1.2433300546482418,-0.3843786244286031,0.8428520855409554,1
27897,Ulises Rivas Gilio,Santos Laguna,108,2021/2022,Right Defensive Midfielder,Centre Defensive Midfielder,709.0,-4.137609874162246,-5.182841140026724,-1.4018003433625024,4.952832506933333,-0.3840083370063405,-0.5368808105384606,-1.330354346709818,2
27888,José Juan Vázquez Gómez,Tijuana,108,2021/2022,Right Defensive Midfielder,Left Defensive Midfielder,1337.45,-3.908559723402409,0.18045404204535265,0.04893255877290826,-2.1174126457559237,-1.249202596697782,-0.0586436233289979,-0.06344137089404062,2
29413,Christopher Brayan Trejo Morantes,Atlas,108,2021/2022,Right Centre Midfielder,Left Centre Forward,758.8834,4.913341434312484,-9.283751469674867,1.5285093105044751,-2.477005998283099,-0.948130901018152,-0.6316833014536684,1.188703534550595,0
34347,Ángel Jeremy Márquez Castañeda,Atlas,108,2021/2022,Left Centre Midfielder,Left Defensive Midfielder,2942.9167,-0.8957550205519503,-2.4759354563448848,0.1576481008486353,-0.5394505546611699,-0.45584162301589304,2.6317609042147194,0.31591401256898816,0
26324,Aldo Paul Rocha González,Atlas,108,2021/2022,Centre Defensive Midfielder,Left Defensive Midfielder,4192.9004,-2.644963594740523,1.8093614042224144,0.007961849365979847,2.1903624497868055,-0.3648575963064263,0.23160549133999392,0.3552819947084394,1
30074,Rafael Baca Miranda,Cruz Azul,108,2021/2022,Right Defensive Midfielder,Left Defensive Midfielder,2693.8335,-3.397938397862046,0.9054875656040613,-2.0046563626672547,-0.06583740668242807,1.1727674381160267,0.6347294743509557,-1.3731422708000967,1
28418,Ían Jairo Misael Torres Ramírez,Atlas,108,2021/2022,Right Centre Midfielder,Right Wing,3166.366,7.8920005668679964,-5.34983848243226,-3.208397790607011,-0.008369858438867494,-2.2147528767132916,2.752077131070722,1.3974292891224889,0
27888,José Juan Vázquez Gómez,Toluca,108,2021/2022,Left Defensive Midfielder,Right Defensive Midfielder,1622.2001,-5.727686707379698,-0.6719920507117243,-1.166319747204008,-3.4849875756969704,-1.3681032766278967,0.005325540083904302,-0.046341556180809575,2
26278,Javier Alván Salas Salazar,Puebla,108,2021/2022,Right Defensive Midfielder,Centre Defensive Midfielder,3178.0166,-3.5173247685898565,-1.1412998291710998,-3.088023288785904,0.23975758308971662,-1.5495531742442457,0.016850165550428575,-0.7793114950968187,2
43708,Alan Omar Rodríguez Ortíz,Toluca,108,2021/2022,Right Defensive Midfielder,Left Defensive Midfielder,530.95,-4.436572534715122,-2.352313333343378,2.0196807121377605,0.15762275137401363,-1.2404587695784877,-0.7348773984700087,-0.49923773122330645,2
28554,Flavio Jesús Santos Carrillo,Juárez,108,2021/2022,Right Centre Midfielder,Right Wing,1536.0835,1.9075069619443226,-11.16683529821717,-2.682991260862524,0.2443181370831954,-0.4335403792102479,1.6348849551921085,-4.031589495923027,0
44362,Martín Luis Galván Romo,Juárez,108,2021/2022,Right Centre Midfielder,Centre Attacking Midfielder,729.8667,5.256498311648225,-5.2014431857439005,-2.707888432186162,-1.8781347382986906,0.4037400051887443,0.019991496553473567,0.822617022704134,0
28516,Jorge Daniel Hernández Govea,Querétaro,108,2021/2022,Right Defensive Midfielder,Left Defensive Midfielder,1414.85,-3.997673894586665,3.530382059135445,-1.3485447377262123,-1.0545472811177008,-1.7386010417842577,0.29727534750146106,1.4879977776686368,1
31445,Fernando Madrigal González,América,108,2021/2022,Left Defensive Midfielder,Right Defensive Midfielder,883.2,-3.1267692952974775,-2.0723912628133934,0.22980921656013506,0.5720031989601148,-1.2939882017436721,-1.6737319251845804,1.9604956142992704,2
27960,David Cabrera Pujol,Querétaro,108,2021/2022,Left Defensive Midfielder,Left Centre Midfielder,904.9666,0.817559075358369,4.5072711522360995,-4.546446016534035,3.309381583933801,-2.1931203870692464,-2.8546155210476796,0.6183346957254758,0
27948,Kevin Rafael Escamilla Moreno,Querétaro,108,2021/2022,Right Defensive Midfielder,Right Centre Midfielder,2221.6333,-1.6824387074105895,-3.2353193705832792,-1.2886444424482053,-0.9464082708885403,0.17416472605888952,1.0365694509899495,-0.7444332190845455,2
26386,Luis Francisco Romo Barrón,Monterrey,108,2021/2022,Right Defensive Midfielder,Right Centre Midfielder,1298.9668,1.1182889517974468,-3.6750765832024372,0.9340599501735727,1.3824960889895488,0.9993483973229051,-1.9090228779613647,-3.5768405290512977,0
32267,Arturo Alfonso González González,Monterrey,108,2021/2022,Left Centre Midfielder,Centre Attacking Midfielder,2580.817,7.874043810072541,-5.563946834938767,-0.22077196991604245,1.276337942036611,0.08296183973540738,-1.3886365740002262,-0.5383387986274756,0
26297,Carlos Alberto Rodríguez Gómez,Monterrey,108,2021/2022,Right Centre Midfielder,Right Defensive Midfielder,1488.7501,3.4548804529437565,1.125190557697129,-1.794326676925139,0.05445063354226723,-0.14621345436122898,-1.082070064952159,0.33450291317683684,0
31445,Fernando Madrigal González,Necaxa,108,2021/2022,Right Defensive Midfielder,Left Defensive Midfielder,1220.8165,1.678777176110262,-2.2494148561867795,0.10559764089124284,0.8883644538524451,-2.0869946111256086,0.5360190013410813,0.06629747672031086,0
32979,Fidel Daniel Ambríz González,León,108,2021/2022,Centre Defensive Midfielder,Right Defensive Midfielder,1148.7,-4.132594922345082,-0.535377531253368,0.544903348562032,-0.7947388767803287,-1.776130208772894,-2.510888511338916,-0.9233961400380308,2
28516,Jorge Daniel Hernández Govea,Pachuca,108,2021/2022,Centre Defensive Midfielder,Right Defensive Midfielder,864.35,-4.461750662519727,0.8235228825091341,-1.7339102757424687,-0.7985946781990121,-1.3565038839968342,0.7472487332729036,0.19838537749139729,2
43330,Alan Eduardo Torres Villanueva,Guadalajara,108,2021/2022,Right Defensive Midfielder,Left Defensive Midfielder,1914.9502,-1.0650639456326656,3.6739238924478306,-3.6370709647413064,-1.3308985377022116,0.2954912052393527,-1.3921899261497919,1.422981422142509,1
30457,Fernando Beltrán Cruz,Guadalajara,108,2021/2022,Left Defensive Midfielder,Right Centre Midfielder,1988.4166,3.189244662472833,0.7165492689284589,2.1640300464460704,-2.554684027442704,0.3644560065767105,2.521712194871174,1.2171848299311672,0
26362,Jesús Antonio Molina Granados,Guadalajara,108,2021/2022,Right Defensive Midfielder,Right Centre Midfielder,1018.85,-4.320440847921791,-3.8866555862805408,1.0133109885760185,0.887138546457676,-2.889676460494321,-1.7909961201023448,-0.5417769725415194,2
75306,Sergio Adrián Flores Reyes,Guadalajara,108,2021/2022,Centre Defensive Midfielder,Left Defensive Midfielder,2498.65,-4.930230186815024,3.364608403478729,0.8417349863054849,3.3833667602633213,1.1447883491556572,-0.034609212226530295,-1.7590562056872854,1
43555,Erick Daniel Sánchez Ocegueda,Pachuca,108,2021/2022,Right Defensive Midfielder,Right Centre Midfielder,3263.5334,1.4782804271771768,-0.7121813559290057,-2.1808072464715496,0.5987748497332976,1.229885001778059,0.5046292946277543,0.4237307762450786,0
28207,Francisco Sebastián Córdova Reyes,Tigres UANL,108,2021/2022,Left Defensive Midfielder,Left Centre Midfielder,513.9666,11.42272412842466,-2.383230499784579,3.7466759033541335,1.8932927552336987,1.1951091372930358,-0.5334797494563116,-1.6638380812608362,0
28424,Edgar Zaldivar Valverde,Atlas,108,2021/2022,Right Centre Midfielder,Left Centre Midfielder,2469.2837,-1.6790987138595306,-3.38543995433285,-0.988123590643555,-0.4068021681495254,-0.2683853325984753,0.6078629334019175,0.8232365990172913,2
27959,Juan Pablo Vigón Cham,Tigres UANL,108,2021/2022,Right Centre Midfielder,Right Defensive Midfielder,2988.6335,2.665118057931125,-6.179734438653263,2.070068645392604,-1.8698152913513917,2.7265556635817148,-3.0058593202883412,-0.12457910904232998,0
26341,Fernando Rubén González Pineda,Necaxa,108,2021/2022,Right Defensive Midfielder,Left Defensive Midfielder,3056.2664,-1.3446925002585106,0.9050214190374288,3.8518411939269246,2.3931636501778364,-1.3637184908998412,-0.07613767227737991,0.009662900393211023,1
31462,José Iván Rodríguez Rebollar,León,108,2021/2022,Right Defensive Midfielder,Centre Defensive Midfielder,3047.2666,-3.9096768911337563,1.2249014163268315,0.5118637224090228,-0.7121213019746621,-1.7667894169531688,0.20364907936043997,1.139617302545594,1
28524,Luis Arturo Montes Jiménez,León,108,2021/2022,Right Centre Midfielder,Centre Attacking Midfielder,1505.7998,8.618887250282974,5.133000674026914,0.34430367182602434,0.4106515871357414,-3.1394599976014876,-2.2323648474593387,-1.4778330605435401,0
43622,Erik Antonio Lira Méndez,Cruz Azul,108,2021/2022,Right Defensive Midfielder,Left Defensive Midfielder,1717.3834,-3.9781846850427227,1.91512936383426,-1.879605064343124,1.671611740730694,-0.5208176714188419,2.2878508363679715,0.022911578684894168,1
43622,Erik Antonio Lira Méndez,Pumas UNAM,108,2021/2022,Right Defensive Midfielder,Centre Defensive Midfielder,1669.2,-4.0111812287604245,1.6518424720325584,-2.085042401672058,1.2032760188236524,-0.6420438599981835,0.36187796088755786,1.1284534535761674,1
34262,Marco Antonio García Robledo,Pumas UNAM,108,2021/2022,Right Defensive Midfielder,Right Centre Midfielder,824.11664,5.786706245514447,-2.183936119729037,-0.6368923971012362,0.621579053833389,0.32186825368291183,-1.1471162265582406,2.274282304201968,0
29517,Leonel López González,Pumas UNAM,108,2021/2022,Right Defensive Midfielder,Left Defensive Midfielder,2578.9163,5.3886446425318,4.621471438917616,-0.13192888600376812,1.9620230205777187,-1.2624295266633705,-3.635589560105277,2.275553294388669,0
34195,Alfonso Emilio Sánchez Castillo,Mazatlán,108,2021/2022,Right Centre Midfielder,Left Defensive Midfielder,1246.9502,0.06659224568528226,-5.393494877192426,-0.47262861742277174,2.330878443216708,0.14551672227318418,1.077817183798278,2.076073857020972,0
28825,Luis Gerardo Chávez Magallón,Pachuca,108,2021/2022,Left Defensive Midfielder,Centre Defensive Midfielder,3086.1165,0.42399382970719907,2.0335813432204746,-4.488651834179419,2.8257875833708437,1.4121819375364313,1.8953901414700505,0.0045158881037821634,1
76083,Esteban Andres Pavez Suazo,Tijuana,108,2021/2022,Centre Defensive Midfielder,Right Centre Midfielder,1514.5667,-4.404147489456733,0.8864478981077676,-0.3295098157854801,1.5645961349569597,-0.9423063342476699,-0.8248533139155179,-0.2580075818927813,2
29521,Claudio Andrés Baeza Baeza,Toluca,108,2021/2022,Right Defensive Midfielder,Left Defensive Midfielder,3122.967,-3.8665140998890317,3.3485269731497223,1.6441541139440854,0.25367333267671305,-0.970466564394518,-0.5192878951210796,1.1734536010355476,1
44448,Angelo Giovanni Araos Llanos,Necaxa,108,2021/2022,Right Defensive Midfielder,Right Centre Midfielder,541.38336,3.2808524363014757,-7.547523148373296,0.40906297749947407,0.04063952072349279,0.7567038481573606,1.7733305171632845,0.6995798206106376,0
131209,Higor Matheus Meritão,Pumas UNAM,108,2021/2022,Left Defensive Midfielder,Centre Defensive Midfielder,2566.8833,-1.282903671148083,-2.713007381412478,3.972776948012605,2.576411774568175,1.202048988043284,-1.612392999006363,0.051131000551860435,2
28563,Rafael De Souza Pereira,Tigres UANL,108,2021/2022,Centre Defensive Midfielder,Right Defensive Midfielder,3472.1,0.12476095412072685,3.9787111966054165,-1.4749759924825958,-2.562287930650517,-1.628431963995137,1.1498696713516217,-0.6165888387260479,1
122878,Anderson Leite Morais,Juárez,108,2021/2022,Left Defensive Midfielder,Right Midfielder,639.6333,-2.6348173522028464,-2.3552478781908643,-0.5001759769896729,-0.45408248372364124,-1.7845333729983828,0.8820367411408847,0.4347230905716227,2
28157,Guillermo Matías Fernández,Cruz Azul,108,2021/2022,Left Defensive Midfielder,Centre Attacking Midfielder,1213.45,-0.230446956233807,0.8533327740541147,-1.4785127302004661,-2.4273043851353706,0.007212068451837377,-4.031656844652941,1.8187025836185247,0
28175,Federico Andrés Mancuello,Puebla,108,2021/2022,Left Defensive Midfielder,Left Centre Midfielder,1156.5,3.835990027176454,3.571151339483401,-4.13508842553463,3.7906678624652557,-1.54731056580885,-1.3243950934076902,-0.5317654866093141,0
28499,Ariel Matías García,Juárez,108,2021/2022,Left Centre Midfielder,Left Defensive Midfielder,2585.5999,4.539965591924514,-0.20821326992825562,0.2446759142963404,1.9774762693364027,-3.768350538427251,-0.6703975849983966,0.9053619656226485,0
18904,Claudio Matías Kranevitter,Monterrey,108,2021/2022,Right Defensive Midfielder,Left Defensive Midfielder,2043.9336,-4.30338190210708,0.8371562190572386,-3.5170227443782958,2.65854235418765,0.5368287532053723,-0.5293547931028191,0.24177900071828468,2
31986,Santiago Colombatto,León,108,2021/2022,Left Defensive Midfielder,Left Centre Midfielder,2596.3503,-0.7580619239381834,-1.2936816980922208,-1.680107656718551,-1.1477297757460658,1.1357729673635826,-0.9569694696580612,0.6212434379263337,2
47467,Álvaro Fidalgo Fernández,América,108,2021/2022,Left Defensive Midfielder,Centre Attacking Midfielder,3234.6672,3.2354797708151173,0.8023072648695005,-0.41161112360200397,-2.629668485953393,2.112109593931503,1.665791385647515,2.718925712775652,0
28529,Fernando David Arce Juárez,Juárez,235,2022/2023,Left Centre Midfielder,Right Centre Midfielder,537.01666,-2.999539451072397,-8.436768021066733,2.672623866501116,-0.1272524078761419,-1.5875220354192252,0.14003697995439293,-0.712535232936138,2
28172,Clifford Aboagye,Querétaro,235,2022/2023,Right Defensive Midfielder,Left Defensive Midfielder,696.1666,3.43648321286181,-0.41587682958252403,0.06963314611380048,-1.3047620059575162,2.6622312198977185,-0.4125160575237645,4.213036255672892,0
26361,Jordan Steeven Sierra Flores,Juárez,235,2022/2023,Left Defensive Midfielder,Left Centre Midfielder,1368.1833,0.6079009578473098,-3.008148638009454,1.3162984693297999,-0.8367836294658099,-0.8306923446505863,2.356965491383558,-0.5386222013011469,0
31044,Jefferson Alfredo Intriago Mendoza,Mazatlán,235,2022/2023,Right Defensive Midfielder,Centre Defensive Midfielder,2557.517,-2.531712676987015,1.921508027769897,-1.8663188094532324,-2.9528693811854576,-1.4692811516324813,2.3099514066777282,0.3096346039885875,1
5526,Pedro Jesús Aquino Sánchez,América,235,2022/2023,Right Defensive Midfielder,Left Defensive Midfielder,1338.0336,-2.4799068854930284,5.30467429380412,4.807127820156673,0.39734615191524086,-1.3671826676513603,-0.005283309165219282,-0.15919969022724523,1
29078,José Luis Caicedo Barrera,Pumas UNAM,235,2022/2023,Left Defensive Midfielder,Right Centre Back,1122.45,-3.23720547863727,1.5512764092358104,-2.3975853794077233,2.567597460383741,-0.4415212377274176,2.4421324117459373,-0.10753364976670896,1
27234,Christian Hernando Rivera Cuéllar,Querétaro,235,2022/2023,Left Defensive Midfielder,Right Defensive Midfielder,1623.8499,-2.802656692135085,2.9072720904826435,4.177862748692387,2.0657320267943495,-0.9480904306398706,0.09942649631668214,2.932143835874283,1
27904,Fernando Gorriarán Fontes,Tigres UANL,235,2022/2023,Left Centre Midfielder,Right Wing,1394.65,10.602313417044055,-2.015420262115009,-0.7267113683614274,0.3665354904161321,-0.7939846721020811,-2.3289840874290637,-3.079264542549277,0
36353,Vicente Poggi Sassi,Necaxa,235,2022/2023,Right Defensive Midfielder,Left Defensive Midfielder,919.0833,-0.6271619156034692,-0.8391869746481814,3.019097674077609,3.7502986190199605,-2.3618848248586266,1.3711711825136608,0.17502513611968598,1
50461,Juan Manuel Sanabria Magole,Atlético San Luis,235,2022/2023,Left Centre Midfielder,Left Back,2852.2498,2.458226380002073,0.19894385547296048,-4.487820411089074,5.195091958199167,-0.3494169321301899,-0.5538782418163654,-1.344048410201066,0
31956,Richard Rafael Sánchez Guerrero,América,235,2022/2023,Right Defensive Midfielder,Left Defensive Midfielder,2910.8335,3.9589716115343454,9.972272522835286,-1.0864725585079276,0.8254897707965826,1.655979015624639,-2.198986814090497,0.9145168754114064,0
26351,Celso Fabián Ortiz Gamarra,Monterrey,235,2022/2023,Left Defensive Midfielder,Centre Defensive Midfielder,3057.0667,-3.612268433420754,1.4497637937991783,0.2447335496530863,1.683689684205392,-1.2463893230078265,-0.7138110573670005,0.0675423319115852,1
27888,José Juan Vázquez Gómez,Tijuana,235,2022/2023,Right Defensive Midfielder,Left Defensive Midfielder,1822.3667,-4.4353755581215175,-0.3860025476654118,-0.5844788020730266,-1.9329257081825555,-1.1499643243073805,-0.935572693579782,-0.6194342425007815,2
34347,Ángel Jeremy Márquez Castañeda,Atlas,235,2022/2023,Right Defensive Midfielder,Left Defensive Midfielder,1973.5835,0.7774613608733782,-0.4560279115824879,-0.1469498112540349,-0.14545111991543014,0.5718800466872912,2.4832493092279146,-1.3818627893253506,0
51582,Jaziel Ismael Martínez Huerta,Atlas,235,2022/2023,Left Centre Midfielder,Left Defensive Midfielder,627.5334,-0.4094497853321364,1.4607768174276408,2.6225158801022252,0.9291938052054185,-0.2992734234382041,1.2465620232855428,-2.7600212230702224,1
99579,Salvador Mariscal,Santos Laguna,235,2022/2023,Right Defensive Midfielder,Left Defensive Midfielder,644.13336,-5.968641636183963,0.6679340769317438,-0.9133918273517737,-1.7473349510136305,-0.00031541871114009146,-0.9108115907851202,-1.5625098569855882,2
29265,Alan Jhosué Cervantes Martín del Campo,Santos Laguna,235,2022/2023,Left Defensive Midfielder,Right Defensive Midfielder,2875.7996,-4.130217743676554,1.1075722657271698,0.3964801999695932,-1.7058507943131063,-0.942048412444838,0.6250371320272916,0.6350320745774303,2
27959,Juan Pablo Vigón Cham,Tigres UANL,235,2022/2023,Right Defensive Midfielder,Right Centre Midfielder,1745.0337,1.7884320602534396,-2.781851908184462,1.3556254927738793,-3.8967943002131378,0.7575593114368936,-0.27085618156398417,-0.857407330074922,0
29413,Christopher Brayan Trejo Morantes,Atlas,235,2022/2023,Right Centre Midfielder,Centre Attacking Midfielder,907.5333,7.958393704335031,-3.0414984022610656,-1.4364983874292963,-2.3355412537946902,-1.3883438126887906,0.25361378067728635,3.2503856806525913,0
26324,Aldo Paul Rocha González,Atlas,235,2022/2023,Left Defensive Midfielder,Centre Defensive Midfielder,2272.8,-1.2070629156880028,4.434544701788082,-1.5666772305784304,0.08848689271839161,0.2216219780930741,0.17780909738630757,-0.3584597787739587,1
28424,Edgar Zaldivar Valverde,Atlas,235,2022/2023,Right Defensive Midfielder,Left Defensive Midfielder,1998.9333,-3.177770410268491,-1.3869350224701018,-1.34136361642927,-0.5025774460166001,-1.8267784014684791,0.40166879171646264,-0.3123083598326775,2
43622,Erik Antonio Lira Méndez,Cruz Azul,235,2022/2023,Left Defensive Midfielder,Right Defensive Midfielder,3182.466,-3.8019731521821156,1.1343203971793734,-1.6589375953841474,-1.26270642237661,0.094289431418383,2.798856720959366,-0.7601069289731374,1
276099,Jesús Alejandro Venegas Vergara,Toluca,235,2022/2023,Right Defensive Midfielder,Centre Defensive Midfielder,566.3499,-5.791876501610613,1.694596838171161,-1.228924653208992,-0.6496133849941566,-0.5406771862718722,-0.9831634295992484,-0.3174274168282721,2
30074,Rafael Baca Miranda,Cruz Azul,235,2022/2023,Right Defensive Midfielder,Left Defensive Midfielder,1157.4167,-3.179025079249299,-0.5552690150185918,-3.1188158832831507,-0.9482735824067595,2.2539329865598,0.9690499917544457,0.882070217641359,2
33126,Israel Reyes Romero,Puebla,235,2022/2023,Right Defensive Midfielder,Centre Back,1913.8167,-6.0532274986018235,-1.8910342894353744,-2.9295537827682905,0.5423543819798093,5.6272091852087875,-1.1153998277074275,2.0209670350987343,2
220794,Denzell Arturo García Bojorquez,Juárez,235,2022/2023,Right Defensive Midfielder,Left Defensive Midfielder,1064.5833,-2.3449595881803633,-0.7801441337138744,2.79914978224895,-1.2555115228979368,-1.268037257786736,-2.1680938909742444,1.8316021923011108,2
28558,Jesús Alberto Dueñas Manzo,Juárez,235,2022/2023,Right Defensive Midfielder,Right Centre Midfielder,2652.4998,6.017265992798966,0.5666384456057433,-4.19950912621133,-2.239033925971054,-0.8231828923184236,-0.46168284262467346,0.15504895872688065,0
26278,Javier Alván Salas Salazar,Juárez,235,2022/2023,Right Defensive Midfielder,Centre Defensive Midfielder,2349.067,-4.414895728686601,-0.17870729947785247,-2.101194734452105,-2.471426515989949,-1.364299394686061,-0.02281770462940172,-0.3591919087160446,2
275441,Rodrigo López Quiñones,Querétaro,235,2022/2023,Right Defensive Midfielder,Right Midfielder,1543.95,3.00421968691323,-1.7547248973656313,-0.5489318323877892,-0.8898970321178893,-0.5220498482985324,1.4059509265402097,1.9295922134531578,0
6357,Jonathan dos Santos Ramírez,América,235,2022/2023,Left Defensive Midfielder,Right Defensive Midfielder,824.05005,-1.1312256680787682,3.80180592918691,5.594044054927956,0.5711087226855126,3.6169650377572338,-0.9188455064519747,1.4885074176067514,1
24124,Omar Nicolás Govea García,Monterrey,235,2022/2023,Right Centre Midfielder,Left Defensive Midfielder,506.7333,2.6110614848412346,3.4806137175920595,0.46763308145181853,1.1946455974796384,-0.1583918801567034,-0.26352870742843526,0.42029640683576297,0
26386,Luis Francisco Romo Barrón,Monterrey,235,2022/2023,Right Defensive Midfielder,Centre Defensive Midfielder,3679.1497,2.2556490202614037,0.9912955090970027,0.08766346786271495,2.8909026561757543,0.3911594676812311,-1.0511433220882236,-2.653828946354576,0
28433,Mario Humberto Osuna Pereznuñez,Querétaro,235,2022/2023,Left Defensive Midfielder,Centre Back,534.1167,-4.209470527661048,3.936158182190838,-3.7852972912716227,-1.1003208442392534,1.0323945250339672,2.120310012153824,-1.9105271841785754,1
28516,Jorge Daniel Hernández Govea,Querétaro,235,2022/2023,Left Defensive Midfielder,Centre Defensive Midfielder,1392.2,-5.984337449622994,0.15153294763465577,-0.333019627158724,-0.8430608787679923,-0.4711652025952265,-0.07393744139334957,0.4783058020759335,2
32979,Fidel Daniel Ambríz González,León,235,2022/2023,Right Defensive Midfielder,Right Centre Back,2507.433,-4.849364403604798,-0.12102401449552182,-2.0770958766243375,-1.3941613246941797,1.9386963533354413,-1.0784450361074307,2.376470313244691,2
26385,Jordi Cortizo de la Piedra,Monterrey,235,2022/2023,Left Centre Midfielder,Left Midfielder,627.6833,5.720974516978586,-2.489470576261811,6.122790368752631,-3.2750391819572853,-1.6458118276217528,2.2799297930354867,-0.20909987827980925,0
31445,Fernando Madrigal González,Necaxa,235,2022/2023,Left Defensive Midfielder,Right Defensive Midfielder,2445.0166,1.9501840025755055,-0.99437246332567,-0.16422902332315512,1.458919880320968,-2.5405983445709306,-0.47791108443817887,0.2072284532666363,0
28524,Luis Arturo Montes Jiménez,León,235,2022/2023,Left Defensive Midfielder,Left Centre Midfielder,960.1666,5.389851735060888,5.266093850374371,-1.908581171103942,0.6682437642431008,-3.016583706557548,-2.6471977305039562,0.8938434675707094,0
31462,José Iván Rodríguez Rebollar,León,235,2022/2023,Left Defensive Midfielder,Right Defensive Midfielder,2184.5835,-4.639631904028908,0.26657285889479665,0.15273553618390498,-0.7771029253237898,-1.9107756778555758,-0.9051370582681452,0.7646372440476011,2
28825,Luis Gerardo Chávez Magallón,Pachuca,235,2022/2023,Left Defensive Midfielder,Right Defensive Midfielder,3788.0166,1.1779361809870508,4.240829027280232,-1.303092998310736,2.7628779764579057,-0.00418952359994276,1.684534076179173,-0.4346776853648156,1
75306,Sergio Adrián Flores Reyes,Guadalajara,235,2022/2023,Centre Defensive Midfielder,Left Defensive Midfielder,1245.8,-3.5687217953751724,1.3481446002459794,-0.13890789520712105,3.5377641189020688,5.809532925939215,-0.8069587111820158,0.9433378933491027,2
43330,Alan Eduardo Torres Villanueva,Guadalajara,235,2022/2023,Centre Defensive Midfielder,Right Defensive Midfielder,857.5667,-1.0613810169727491,4.189983175044735,-1.2896398501540935,1.6750967452177328,0.03426505339218364,-0.2330308547432757,0.1455983112530857,1
26375,Roberto Carlos Alvarado Hernández,Guadalajara,235,2022/2023,Left Centre Midfielder,Right Centre Midfielder,3238.7998,7.444708805287793,-2.188709953705727,-0.6745709006853474,-0.38005578086636455,0.14152630771431396,2.0813281347676056,-0.06366767781114548,0
30457,Fernando Beltrán Cruz,Guadalajara,235,2022/2023,Right Centre Midfielder,Left Centre Midfielder,3318.1,4.465124857774476,-0.1437135035478752,1.2151776866153403,-2.48000073631284,-0.06979493709558013,2.6114431364816357,1.5494159641609924,0
43555,Erick Daniel Sánchez Ocegueda,Pachuca,235,2022/2023,Right Defensive Midfielder,Left Defensive Midfielder,3860.3335,3.2261677123315047,2.871289651183752,1.7368757948508637,-0.22375511227866426,0.7807876990984551,2.58710756265588,1.5598282348978758,0
28056,Juan David Castro Ruiz,Atlético San Luis,235,2022/2023,Left Centre Midfielder,Right Centre Midfielder,547.23334,-1.6769346731941013,-6.088262921554559,-1.7780934479289867,-2.09389296551052,-0.5278957056324541,3.026029627248903,-0.9159858567560748,2
27953,Andrés Iniestra Vázquez Mellado,Atlético San Luis,235,2022/2023,Right Defensive Midfielder,Right Centre Midfielder,974.36664,-4.276081511013292,-4.12654353924169,-2.356834457524993,1.013637227625931,0.35032739153554154,1.3612929169906893,-1.4885389535745819,2
34195,Alfonso Emilio Sánchez Castillo,Mazatlán,235,2022/2023,Left Defensive Midfielder,Right Centre Midfielder,768.13336,-2.286308061769084,-3.4690392271547315,2.3542187300138937,4.166819463294946,3.0839786680130405,-0.5507491362073073,-0.42952093906107097,2
28517,Víctor Alfonso Guzmán Guzmán,Guadalajara,235,2022/2023,Left Centre Midfielder,Centre Forward,1909.8834,7.340948294892158,-4.441517154258919,-0.8804681855001284,1.6430674009844572,-1.5483707149742003,-4.073938265954219,-0.2773296117031488,0
132486,Pavel Uriel Pérez Hernández,Guadalajara,235,2022/2023,Right Centre Midfielder,Left Centre Midfielder,1133.5167,8.23227259845519,-4.928396091479135,1.4041071290707539,0.8646858530472259,0.014623129701670467,3.0806925413822417,4.3076133326789545,0
26341,Fernando Rubén González Pineda,Guadalajara,235,2022/2023,Centre Defensive Midfielder,Left Defensive Midfielder,2163.2832,-4.374774410265505,0.5965498304826873,2.5592211798631603,3.382220536421782,1.3997276301698156,0.794646903188805,0.2981795269754597,1
208278,Andres Montaño,Mazatlán,235,2022/2023,Left Defensive Midfielder,Left Centre Midfielder,1289.0499,3.600670507532789,0.47895541284271126,0.45546509002479696,0.14806297170950883,0.36022762714635925,1.1877903034645039,-0.29981873680295834,0
37359,Roberto Ismael Meraz Bernal,Mazatlán,235,2022/2023,Left Defensive Midfielder,Right Defensive Midfielder,2513.567,-3.587090132923005,-3.9229459309652994,-2.437895592575828,-0.2160660625416945,0.8313675373362303,-1.9318189665416938,0.7081418970488366,2
26289,Javier Güemez López,Atlético San Luis,235,2022/2023,Right Defensive Midfielder,Left Defensive Midfielder,2991.667,-1.6151949404317454,0.9879025310208333,-3.766169963633901,1.6927078881439013,0.2904614009059312,2.359530378433974,0.08084258598666702,1
26362,Jesús Antonio Molina Granados,Pumas UNAM,235,2022/2023,Right Defensive Midfielder,Left Defensive Midfielder,991.05,-4.922760331152575,-4.648508010197089,-1.3077999229902766,0.13524306036357656,-1.0044830611761324,-0.47581457433925767,-1.9665782578677458,2
29517,Leonel López González,Pumas UNAM,235,2022/2023,Left Centre Midfielder,Left Defensive Midfielder,913.03345,4.534008569329229,6.688006723520638,-0.367629760683814,1.173997405143374,-1.228853539211082,-0.24052946471933484,2.2130145739200904,0
27897,Ulises Rivas Gilio,Pumas UNAM,235,2022/2023,Right Defensive Midfielder,Left Defensive Midfielder,626.36664,-2.4983840027908153,-7.4131289490636405,-3.9854362375878765,0.30906362636408924,1.0556483846947098,-0.17399704048105138,0.6680641836930987,2
34262,Marco Antonio García Robledo,Pumas UNAM,235,2022/2023,Right Centre Midfielder,Right Defensive Midfielder,510.79993,5.1116119461185505,1.0636230374914863,-2.0717905736613287,-1.0319548576446447,-3.229187594774561,-1.6604112588565811,0.9000572105628867,0
26329,Marcel Alejandro Ruiz Suárez,Toluca,235,2022/2023,Left Defensive Midfielder,Centre Defensive Midfielder,3402.4668,0.9086714637189992,1.4304518002052011,1.250105804610175,-3.9874315775204363,3.25532434899345,0.35629061401851364,-1.3034272431193714,0
184501,Eduardo Alonso Armenta Palma,Tijuana,235,2022/2023,Right Defensive Midfielder,Right Centre Midfielder,526.0334,0.6661950044967859,-2.173597038250797,2.138607653269497,0.49838566204747015,-3.751430827683775,2.2435458776059343,1.6462603050950684,0
26297,Carlos Alberto Rodríguez Gómez,Cruz Azul,235,2022/2023,Right Defensive Midfielder,Left Defensive Midfielder,3190.9502,6.706386616659725,2.2710710991568948,-3.2836497047682878,0.3330078878523346,0.15161061560631361,0.33511954425878665,-1.1926146545069636,0
26320,Pablo González Díaz,Puebla,235,2022/2023,Right Defensive Midfielder,Centre Defensive Midfielder,817.91656,-3.4882668227976796,5.718691690482148,-0.49530109058655486,0.22593572538377288,-2.0885173661139147,-0.3675573644523221,1.7089697104948762,1
29517,Leonel López González,Tijuana,235,2022/2023,Right Centre Midfielder,Right Defensive Midfielder,598.3333,4.129233008859267,3.6227168592180177,1.4585375155496538,0.863237888201644,-1.7296504078351704,-3.3306443944601165,2.039021775257371,0
30701,José Joaquín Esquivel Martínez,Necaxa,235,2022/2023,Right Defensive Midfielder,Left Defensive Midfielder,2973.5503,-4.560130189410048,-1.1286215552128767,0.6403888641599593,2.3222997296665135,-0.6877472478595456,1.4824348230942606,-0.9951127036673898,1
27948,Kevin Rafael Escamilla Moreno,Querétaro,235,2022/2023,Right Defensive Midfielder,Left Defensive Midfielder,2284.6665,-1.9327541306460474,-1.1948935936896052,-0.8057377508595288,-0.10703211166144175,-0.7155746157098659,-0.01369656255328065,-0.8948558988680929,2
37591,Aldo López Vargas,Santos Laguna,235,2022/2023,Right Defensive Midfielder,Left Defensive Midfielder,1687.9,-3.7164687709590445,1.526007341194075,1.3966137937139216,-1.230133512511467,-0.3744226654595995,-0.5047674646265634,-0.12497943009928839,2
29521,Claudio Andrés Baeza Baeza,Toluca,235,2022/2023,Right Defensive Midfielder,Left Defensive Midfielder,3295.7834,-4.975262291754682,3.87641220941292,2.2931024662577775,-1.7310982518587674,-0.4520494537903458,-1.5108208617259993,0.2902846785844708,1
28563,Rafael De Souza Pereira,Tigres UANL,235,2022/2023,Right Defensive Midfielder,Left Defensive Midfielder,2811.817,1.5928817251181944,5.937740701375296,-0.28766067194267014,-1.0013690730719615,0.31653889452657247,2.535937770772669,-2.1217529920158196,1
26774,Rodrigo Dourado Cunha,Atlético San Luis,235,2022/2023,Left Defensive Midfielder,Right Defensive Midfielder,2712.0002,-4.297871555831001,-0.8742324004216543,0.8934615352985279,1.299741359192886,0.1530424182392627,1.6054178753988477,-1.2886432079642736,1
131209,Higor Matheus Meritão,Pumas UNAM,235,2022/2023,Left Defensive Midfielder,Left Centre Midfielder,1843.9835,-0.8621892745299871,0.12843749289987466,4.295659076842828,2.0193023450731085,-1.4995671593171171,0.0688889942764763,-0.2731984401760682,1
4324,Daniel Alves da Silva,Pumas UNAM,235,2022/2023,Right Defensive Midfielder,Centre Defensive Midfielder,1228.9333,8.418746050098356,6.77261410732102,-5.854265077513509,2.7577894311601883,-1.613979882982802,-0.9521530182977446,-0.20541447543151728,0
35032,Lucas González Martínez,Santos Laguna,235,2022/2023,Right Defensive Midfielder,Left Defensive Midfielder,548.26666,3.3634027813265734,0.7636744833139838,3.773501988945171,-1.1538657970622228,1.179697492770131,1.1698051680627921,0.40446474316865283,0
6715,Guido Hernán Pizarro,Tigres UANL,235,2022/2023,Left Defensive Midfielder,Centre Defensive Midfielder,4079.883,-2.868211302360462,0.35569867446533326,-0.31308926713015206,-0.6776842534575478,0.7723116902659222,0.6224360684155952,0.25689539627103397,2
18904,Claudio Matías Kranevitter,Monterrey,235,2022/2023,Right Defensive Midfielder,Centre Defensive Midfielder,1014.8501,-3.802547175264871,3.616483000991989,-2.018130518012004,1.0074007988522997,0.2716214165240013,1.1516068806585225,-0.39911424059812217,1
25203,Lucas Daniel Romero,León,235,2022/2023,Right Defensive Midfielder,Right Centre Midfielder,1285.5167,2.9132454461438617,2.761721163831127,2.948817381759673,2.8004011194101692,-2.1803804910690943,-1.4625423068989056,-0.9095192844113261,0
30572,Federico Eduardo Lértora,Tijuana,235,2022/2023,Left Defensive Midfielder,Centre Defensive Midfielder,2956.4668,-2.6846355349864774,-1.4577143757444415,0.7960631729956306,5.475175139290839,-0.3897179781687144,0.6468372843777691,-0.19505054519379553,1
28499,Ariel Matías García,Juárez,235,2022/2023,Left Centre Midfielder,Left Defensive Midfielder,956.39996,3.446048317162902,-2.290142886016268,-1.8391499535300733,3.021862808472682,0.8983691911870687,-1.2264423412325636,1.0877463146381052,0
28175,Federico Andrés Mancuello,Puebla,235,2022/2023,Left Defensive Midfielder,Left Centre Midfielder,3550.4504,4.197153040741688,2.7523557366676816,-4.139339198889079,2.026440808858865,0.2874628697663835,-3.2735146326897198,1.4409477404214506,0
47467,Álvaro Fidalgo Fernández,América,235,2022/2023,Left Defensive Midfielder,Centre Attacking Midfielder,3545.6997,4.577822072071683,8.858128553225729,1.7189421426506046,-1.4707109106292016,2.5430063166122205,1.4346827681725451,1.6707495641530863,0
28529,Fernando David Arce Juárez,Necaxa,281,2023/2024,Right Defensive Midfielder,Left Defensive Midfielder,2671.2832,-4.448346133481311,-2.9021839149519266,-0.5661850762203601,4.027927279663947,1.4454841970673102,-0.1400065073155944,0.9378368858592188,2
31044,Jefferson Alfredo Intriago Mendoza,Mazatlán,281,2023/2024,Right Defensive Midfielder,Right Centre Midfielder,2825.8,-1.5213897751298162,2.3124857659445994,-2.535264452431342,-4.913483820022975,-1.3951878633729722,1.4437579209075897,1.6672080021801268,1
45685,Sébastien Antoine Luc Salles Lamonge,Atlético San Luis,281,2023/2024,Right Centre Midfielder,Left Midfielder,1896.3999,4.714243766634902,-0.38944743650437624,-1.398542947234774,-2.3443207600984595,0.10095041705315241,-0.9467541853402827,-0.44447062793272873,0
5526,Pedro Jesús Aquino Sánchez,Santos Laguna,281,2023/2024,Left Defensive Midfielder,Right Defensive Midfielder,1895.5502,-3.0284306829324925,2.1620186809203896,3.423555885874816,2.573920242553129,1.9195327870522692,0.5246430665140014,-0.3448501445721309,1
29078,José Luis Caicedo Barrera,Pumas UNAM,281,2023/2024,Left Defensive Midfielder,Centre Defensive Midfielder,2446.7334,-2.2254108268570714,0.47266012956238734,1.5367799739583552,-0.3916291011108121,-0.19386429132040053,-0.5428452500673794,-0.7953574713724866,1
48747,Juan Manuel Zapata Zumaque,Atlas,281,2023/2024,Right Centre Midfielder,Right Defensive Midfielder,1508.5166,3.019935924269051,-1.5909558088533142,1.2731108149176857,-0.6671252685639121,1.674877248851605,-3.208410360323842,-1.1425633087471896,0
60138,Kevin Duvan Castaño Gil,Cruz Azul,281,2023/2024,Right Defensive Midfielder,Left Defensive Midfielder,858.7,0.5269323238561918,3.0865533391620392,2.6065010511580557,-0.31613475945920905,-1.1854268161571266,-1.6622980299259509,-1.7818293882882799,1
28532,Omar Andrés Fernández Frasica,León,281,2023/2024,Right Defensive Midfielder,Right Centre Midfielder,730.9166,6.195318069687965,-1.7922388908803961,-2.3517242822618085,-4.207962606721721,2.187676031809156,-3.3939380281334213,2.1307811956254183,0
27232,Andrés Felipe Colorado Sánchez,Necaxa,281,2023/2024,Right Defensive Midfielder,Left Defensive Midfielder,724.8,-4.83884835440141,-3.027887353411266,0.931177396241532,-0.5145121352740109,-1.4538116806960337,0.36078597843251786,0.3460373587545623,2
130953,Nelson Alexander Deossa Suárez,Pachuca,281,2023/2024,Left Defensive Midfielder,Right Defensive Midfielder,1203.9833,6.946203427712504,3.028828254234653,1.095511743467991,3.0962069220456887,0.0963102634658168,3.6373528491112617,4.1551516061701665,0
27234,Christian Hernando Rivera Cuéllar,Tijuana,281,2023/2024,Left Defensive Midfielder,Centre Defensive Midfielder,3147.1162,-2.6383578458395256,4.642809360503329,4.51061333621391,2.2017582752262315,0.8687281871989373,2.6706603210005078,0.07289488344555414,1
31931,Christian Gabriel Oliva Giménez,Juárez,281,2023/2024,Left Defensive Midfielder,Right Defensive Midfielder,582.3333,2.8054028095519237,3.8391045572411504,-4.094649227907829,2.334223244286978,-0.932881540983225,-1.5152747922724548,-0.37937006121089517,0
36342,Gonzalo Nápoli Soria,León,281,2023/2024,Left Centre Midfielder,Left Defensive Midfielder,671.15,3.21198061920264,-0.7594491821410642,-2.1973921867805024,-1.94784928083015,-1.9583633623917398,0.10668654530871824,-0.424415518924413,0
27904,Fernando Gorriarán Fontes,Tigres UANL,281,2023/2024,Right Defensive Midfielder,Right Centre Midfielder,3287.35,5.912609201501938,-0.8368464411196641,0.22802400611811502,-1.2888796370636557,-0.6958548205079699,-0.4801626019855989,-3.4069379354729232,0
36353,Vicente Poggi Sassi,Necaxa,281,2023/2024,Left Defensive Midfielder,Right Defensive Midfielder,582.51666,-0.7743812080001938,-1.7426310192112193,5.5687503848773545,4.943959593238344,-2.9016625432567094,1.067227209715363,0.9879793735998402,1
26351,Celso Fabián Ortiz Gamarra,Pachuca,281,2023/2024,Centre Defensive Midfielder,Left Defensive Midfielder,580.31665,-2.8638672779561305,1.6519855742616845,2.6556058722594678,2.889501074092389,-1.7196859270106246,0.7091549715915695,1.028510197771379,1
31956,Richard Rafael Sánchez Guerrero,América,281,2023/2024,Right Defensive Midfielder,Left Defensive Midfielder,2006.9167,6.1796639175468675,7.902362069447296,-1.7597026560200433,-1.088221820889811,1.4337452800161343,-1.4933608587762874,-1.5175435955888095,0
26289,Javier Güemez López,Atlético San Luis,281,2023/2024,Left Defensive Midfielder,Left Centre Midfielder,3633.083,0.5860421380887678,3.9343907992799023,-2.6453933040491004,-0.2069522178275871,1.3826014351794782,2.0799389207404664,-2.3582948832564106,1
28056,Juan David Castro Ruiz,Atlético San Luis,281,2023/2024,Right Centre Midfielder,Right Defensive Midfielder,712.6167,0.3592057415929003,-1.846125053316011,-2.9153283437021025,-6.715923356983549,0.2474155295221067,1.3297000203837999,3.2092324989919856,0
30701,José Joaquín Esquivel Martínez,Mazatlán,281,2023/2024,Right Centre Midfielder,Left Defensive Midfielder,1024.7333,-3.5378807311191256,-5.095721328781184,-0.31312147557458736,-3.0121908400323054,1.1713027452278229,-3.540034869960959,0.044266386292850055,2
75306,Sergio Adrián Flores Reyes,Mazatlán,281,2023/2024,Centre Defensive Midfielder,Right Defensive Midfielder,2139.8835,-3.319877778315947,2.757475882978323,1.637093548676075,1.2392521036309234,1.1967858055356513,-1.2413210027894845,0.08836639779223036,1
183000,Santiago Trigos Nava,Pumas UNAM,281,2023/2024,Left Defensive Midfielder,Right Defensive Midfielder,957.85004,-3.1735031801165134,-0.6132521085160686,1.9445142707535445,1.8186124755657926,0.7690813726649816,1.5474235254115078,0.00539721579059223,1
275441,Rodrigo López Quiñones,Pumas UNAM,281,2023/2024,Right Defensive Midfielder,Right Wing,1231.8333,1.1947523698135927,-1.6425699130617244,-1.50786312896022,-1.4620323990868875,-2.6250948314044438,1.5131015895891882,0.9929286533925814,0
27897,Ulises Rivas Gilio,Pumas UNAM,281,2023/2024,Right Defensive Midfielder,Right Centre Midfielder,3325.134,-2.3179828520293744,-4.634121672238907,-1.890737909243273,-1.6667150514124205,2.297664844133607,-1.4935991564553388,0.607511236255417,2
28802,Kevin Castañeda Vargas,Tijuana,281,2023/2024,Left Centre Midfielder,Left Defensive Midfielder,1588.5667,9.052035906991353,1.1551572892660265,-0.5106949842082372,1.082920097921901,1.048120170681778,1.040430592092791,-2.0571490673784214,0
275687,Iván Oswaldo Tona Olmeda,Tijuana,281,2023/2024,Right Defensive Midfielder,Right Centre Midfielder,569.7833,0.888993520031547,1.6936754440744568,2.027795382720692,1.7116984027257507,-2.460302574295916,4.647859678133518,0.4320173593421703,0
28424,Edgar Zaldivar Valverde,Atlas,281,2023/2024,Left Defensive Midfielder,Right Centre Midfielder,1048.4333,-1.1702664294535599,-0.7630513202951089,2.593306056540842,-0.8410800919688537,1.0289289231139294,0.6376141801468104,-0.9875373343922175,1
26324,Aldo Paul Rocha González,Atlas,281,2023/2024,Centre Defensive Midfielder,Right Defensive Midfielder,2641.3333,-0.9655583798205025,3.01667973688947,-1.6336080106343178,-1.4807643318622592,1.6679597435826015,0.6071098388602663,0.15538880841230196,1
29265,Alan Jhosué Cervantes Martín del Campo,Santos Laguna,281,2023/2024,Right Defensive Midfielder,Right Centre Midfielder,3159.2336,-2.787773265389502,0.06951789447065618,-0.07545522366398814,-2.965035389027045,-1.6256606375252693,0.6654211068590564,0.3944327673891333,2
99579,Salvador Mariscal,Santos Laguna,281,2023/2024,Centre Defensive Midfielder,Left Defensive Midfielder,666.5166,-6.565403107689529,-0.17035196124813792,-1.0267030987230936,-1.500342776259779,-0.4382794811530416,-0.09517623911085162,-0.5439777031575147,2
37591,Aldo López Vargas,Santos Laguna,281,2023/2024,Left Defensive Midfielder,Right Defensive Midfielder,1825.5831,-2.9037081472246533,-1.3766145586489789,0.908683421487979,-3.068101942552765,0.40594817062783756,-0.37879859834824814,0.4925454158869856,2
27959,Juan Pablo Vigón Cham,Tigres UANL,281,2023/2024,Right Defensive Midfielder,Right Centre Midfielder,1695.9667,3.4944570357278772,-3.3056867190024675,1.9085117211019371,-2.067972841014187,3.4316293384821734,-2.678524818750933,0.2543711306135549,0
51582,Jaziel Ismael Martínez Huerta,Atlas,281,2023/2024,Left Centre Midfielder,Left Defensive Midfielder,628.31665,3.702656925658499,1.2086837273582265,3.487194506898236,-0.3555967979655343,-0.06355458746704386,-1.6155044059128298,-0.8255645088750976,0
34347,Ángel Jeremy Márquez Castañeda,Atlas,281,2023/2024,Left Defensive Midfielder,Left Centre Midfielder,2014.0498,3.312397959170312,-3.9636747639061833,1.3154409774102622,-1.4871165585677424,-1.564848008349082,0.4630190652245154,-1.214750150707061,0
26329,Marcel Alejandro Ruiz Suárez,Toluca,281,2023/2024,Left Defensive Midfielder,Right Defensive Midfielder,2909.7996,1.2829797280834154,0.24727295087005474,0.8675680966395083,-2.5937240436494484,1.9374600548837069,-0.9496628771460227,-3.4556809828372375,0
26297,Carlos Alberto Rodríguez Gómez,Cruz Azul,281,2023/2024,Left Defensive Midfielder,Right Defensive Midfielder,3337.016,5.820528597273018,4.569067600083563,-0.6294085597520289,-1.1555698618740802,-0.8914528850687765,-1.0163129798136739,-1.4207560636297218,0
26320,Pablo González Díaz,Puebla,281,2023/2024,Right Defensive Midfielder,Left Defensive Midfielder,2768.1165,-5.095662634709277,2.4268758880190258,-0.609128138044593,-0.33398223609978045,0.005496655403091184,0.8206132183181722,1.6654955110416818,1
32916,Diego Eduardo De Buen Juárez,Puebla,281,2023/2024,Left Defensive Midfielder,Right Defensive Midfielder,3594.6,-3.914170214147038,0.19728917870554008,-3.518012816240392,-0.1906710884091759,2.559486408267732,-0.9770445191056061,0.6353914198007156,2
28521,Fernando Navarro Morán,Puebla,281,2023/2024,Left Defensive Midfielder,Right Centre Midfielder,746.85,1.6067590591349372,-1.2988373584220916,1.0847315203731964,-1.1313533517228056,1.2234769491009623,1.5765570807201457,-0.6809201379286983,0
182089,Sebastián Pérez Bouquet Pérez,Juárez,281,2023/2024,Left Centre Midfielder,Centre Attacking Midfielder,620.1667,3.529691503453564,-2.2121094706369875,2.3283949000713267,-3.049381089796334,-1.5146994561247844,-0.0762139526382798,2.462381621709461,0
220794,Denzell Arturo García Bojorquez,Juárez,281,2023/2024,Left Defensive Midfielder,Right Defensive Midfielder,1754.3499,-0.5426973582088055,-1.286971103217071,0.7432091062513748,-0.37755575763456173,-3.0035320830264833,-0.6553607244496996,0.783755689531535,0
27948,Kevin Rafael Escamilla Moreno,Querétaro,281,2023/2024,Right Defensive Midfielder,Centre Defensive Midfielder,3033.8335,-4.7289772130885055,-1.8361671551572314,-1.7631806566305308,1.521370862027888,1.2268354998673705,1.8926499923887936,0.15029553760782738,2
24124,Omar Nicolás Govea García,Monterrey,281,2023/2024,Right Defensive Midfielder,Left Defensive Midfielder,1951.4167,0.4243179515471175,5.353507164311947,1.132664073542412,-1.387346045285523,-0.730665652556267,-0.7521384978471706,-0.22284624124914232,1
26386,Luis Francisco Romo Barrón,Monterrey,281,2023/2024,Left Defensive Midfielder,Right Defensive Midfielder,2693.0498,5.011330341400658,3.006507733490313,0.21213659199442678,0.728554306260477,0.1317462513261333,-0.3984588458406074,-4.467610497900289,0
32267,Arturo Alfonso González González,Monterrey,281,2023/2024,Left Centre Midfielder,Centre Attacking Midfielder,1158.6166,7.084704007133361,-4.497179335773447,1.3485881475938988,-0.6865102026191403,1.9259071612439487,-0.7554482253429675,-1.6536642761868054,0
28208,Jonathan Alexander González Mendoza,Monterrey,281,2023/2024,Right Defensive Midfielder,Centre Defensive Midfielder,742.68335,-6.036667364821275,2.7682377963698834,-1.7399663786146708,-3.3226250893716407,-0.0709662808024781,-0.8244179005731123,0.16646231731569638,2
5563,José Andrés Guardado Hernández,León,281,2023/2024,Left Defensive Midfielder,Right Defensive Midfielder,517.3,-0.5007371494640316,4.2338263601832615,-3.581658317921815,0.5157634609572856,-1.6147233618494161,-0.06326941004084845,0.8807593955171725,1
31462,José Iván Rodríguez Rebollar,León,281,2023/2024,Left Defensive Midfielder,Centre Defensive Midfielder,1866.5835,-3.4740665229626027,1.2370876008083724,0.2162403145670574,-1.2157966931334594,-0.30961931167428586,0.5402131995035786,-0.552526988587746,2
362325,Sebastián Santos Rosales,León,281,2023/2024,Right Defensive Midfielder,Right Centre Midfielder,507.5,2.056131781157799,-5.055247884393636,3.198009052648444,0.1211572042713926,-2.2284740831473115,0.6745888588313477,-2.838013892861154,0
32979,Fidel Daniel Ambríz González,León,281,2023/2024,Left Defensive Midfielder,Right Defensive Midfielder,1863.3168,-1.069345203817278,-1.4068096209236165,0.10786917211680697,-1.1230509647107094,-0.21191203361530744,-0.07544355767462517,-0.13926318950648908,2
30457,Fernando Beltrán Cruz,Guadalajara,281,2023/2024,Left Centre Midfielder,Right Centre Midfielder,3675.1501,3.5315698502676915,-0.8237327429951081,0.2717984977270451,-2.59631364548672,0.18882885089038043,0.4331176205942194,0.010996025830662675,0
181730,Diego Gómez,Necaxa,281,2023/2024,Right Defensive Midfielder,Left Defensive Midfielder,1729.4501,-2.905690451552503,-3.998318365429749,1.3125894236167694,2.1844036732623593,0.7303666363248988,-1.305690404443836,0.7447657281299025,2
276099,Jesús Alejandro Venegas Vergara,Toluca,281,2023/2024,Right Defensive Midfielder,Left Defensive Midfielder,696.63324,-5.654676582289538,1.5022440659125145,-1.7637211637469248,-1.016393158966936,-0.2952295551245931,-0.34024585253488726,0.385664331994035,2
43557,Santiago Naveda Lara,América,281,2023/2024,Left Defensive Midfielder,Right Defensive Midfielder,517.6666,-5.032674368596308,-4.355461305957542,-3.0316509312981963,-0.9580815580488975,-1.8148871568204212,0.6564954390881206,-1.0416456129479768,2
6357,Jonathan dos Santos Ramírez,América,281,2023/2024,Right Defensive Midfielder,Left Defensive Midfielder,3642.3499,-3.0773051318432016,5.454813710954785,0.8518594205612229,-3.864828363372193,-0.27940066803428304,0.43782158269442406,-0.32550245908655895,1
276099,Jesús Alejandro Venegas Vergara,Juárez,281,2023/2024,Left Defensive Midfielder,Centre Defensive Midfielder,710.23334,-1.6971625102092827,-2.311394944237062,-3.2827960056659053,2.487550173481859,2.7964678339852664,-1.681538026303443,1.3588576742101117,2
44984,Alejandro  Andrade Rivera,Necaxa,281,2023/2024,Left Defensive Midfielder,Left Centre Midfielder,1037.8833,-2.5307523590865184,-7.516457642136737,1.378573413765472,4.406778118596242,4.181704957691962,0.15533096712564876,1.3641530312946115,2
43555,Erick Daniel Sánchez Ocegueda,Pachuca,281,2023/2024,Right Defensive Midfielder,Left Defensive Midfielder,2904.4001,5.482017804742895,2.647966037067711,0.945235692753803,1.6735431437597057,4.086559343903022,1.8020971064027687,1.7035613117435533,0
198802,Pedro Pedraza Reyna,Pachuca,281,2023/2024,Left Defensive Midfielder,Right Defensive Midfielder,1829.5165,-4.023538112232306,0.4976634713695406,4.021389672440953,0.8191085351048615,-0.6723909513703262,0.5146542951280138,0.35202691735301356,1
31445,Fernando Madrigal González,Tijuana,281,2023/2024,Right Defensive Midfielder,Right Centre Midfielder,1731.05,1.9673553645792061,-4.965787979259316,1.302242624509638,0.5832110088841147,1.7318258859470363,0.0035485243233956396,0.08835157030703583,0
208278,Andres Montaño,Mazatlán,281,2023/2024,Left Defensive Midfielder,Left Centre Midfielder,2210.1165,4.271780267956786,1.0104915033574997,-2.4984662527739463,-0.11946796759309945,0.07799900498724421,1.0986863597108403,-0.35499403062983415,0
15872,Érick Gabriel Gutiérrez Galaviz,Guadalajara,281,2023/2024,Centre Defensive Midfielder,Left Centre Midfielder,2651.9834,-0.6074985063138528,2.559279013203895,3.4618478029435846,1.3890092598421944,3.013169871407442,0.6300353914231741,0.03823305344593847,1
28517,Víctor Alfonso Guzmán Guzmán,Guadalajara,281,2023/2024,Right Centre Midfielder,Left Centre Midfielder,2120.1335,5.171023302825352,-1.3155640893705498,-0.5625447427742758,0.8897904027972187,0.5135607428599102,-2.4129239529696784,0.019424460259077125,0
26278,Javier Alván Salas Salazar,Juárez,281,2023/2024,Right Defensive Midfielder,Centre Defensive Midfielder,2093.05,-5.57356013143179,-0.10777833472928813,-1.6573903821655902,-2.2881031387683497,-1.5575809642965452,-1.9289003617785467,0.6431519841424288,2
274998,Diego Campillo Del Campo,Juárez,281,2023/2024,Right Defensive Midfielder,Left Back,1080.8334,-1.8024265676574562,2.861186819636102,-2.6513010791696985,0.4896495100138541,2.7878619189682414,2.7584893388773186,2.7950183747318347,1
34349,Alexis Hazael Gutiérrez Torres,Cruz Azul,281,2023/2024,Left Centre Midfielder,Left Wing,1498.133,2.6247026593697025,-5.880062330390266,-0.41730975559960376,-2.9643239218660864,-0.8649102362319716,-2.2857115413146385,-2.6159961861501406,0
43622,Erik Antonio Lira Méndez,Cruz Azul,281,2023/2024,Left Defensive Midfielder,Centre Defensive Midfielder,2742.9666,-3.995898841666685,4.004962422586308,-1.3038677727342622,-2.7191171898273185,0.17359196441838293,0.7800117261466828,0.49873811030873316,1
26341,Fernando Rubén González Pineda,Guadalajara,281,2023/2024,Centre Defensive Midfielder,Right Defensive Midfielder,1956.4167,-4.726080270327085,2.195239692723452,3.3031041364312235,3.470884895221978,0.012353779942898546,0.5144884521413438,-0.8563212997571039,1
399874,Elías Enrique Montiel Ávalos,Pachuca,281,2023/2024,Left Defensive Midfielder,Right Defensive Midfielder,1700.9167,1.4547644865407168,3.871207978747595,1.9946519401261043,-2.477949244562762,-2.960275863926802,0.6677043735990326,2.6484063166219376,0
29521,Claudio Andrés Baeza Baeza,Toluca,281,2023/2024,Right Defensive Midfielder,Left Defensive Midfielder,2538.433,-2.452039244481026,4.9327436811315275,2.766154356382075,0.14942722219903365,0.6616517972140875,-2.700670320380917,0.488617281440838,1
26774,Rodrigo Dourado Cunha,Atlético San Luis,281,2023/2024,Right Defensive Midfielder,Centre Defensive Midfielder,3543.2668,-3.9281923481489556,2.771019550746624,0.6318899460754888,-1.6269552103513998,1.562081406703233,-0.2636331465628971,-0.4283604840170397,1
28563,Rafael De Souza Pereira,Tigres UANL,281,2023/2024,Left Defensive Midfielder,Centre Defensive Midfielder,3779.7168,-1.4516110301708738,4.069427634141504,0.5369172786098956,-2.7078685244670653,0.3209401735208299,2.0326541872232307,-0.2641080900284115,1
28894,Lorenzo Abel Faravelli,Cruz Azul,281,2023/2024,Right Defensive Midfielder,Right Centre Midfielder,2051.25,2.1247034771958297,-1.596020290617455,0.5520007909987332,-2.697410954761825,0.9485028154007601,-4.16905470138368,-0.8205482646676974,0
28643,Horacio Gabriel Carabajal,Puebla,281,2023/2024,Right Defensive Midfielder,Left Wing,629.08325,7.851368583810626,-0.7386187392282637,-1.979604019270394,1.5052314973368317,-0.4676535544083941,1.3673083584071442,-1.005550616178751,0
28256,Tomás Belmonte,Toluca,281,2023/2024,Left Defensive Midfielder,Right Defensive Midfielder,1737.2164,-2.653557287067633,0.6417475993448,1.4664057196235338,-0.6921349833413004,3.9310161316557615,1.296282690618788,-1.6794490837479397,1
30572,Federico Eduardo Lértora,Querétaro,281,2023/2024,Left Defensive Midfielder,Right Defensive Midfielder,3204.0835,1.201366808819472,-4.097397270611957,-1.7399076274661884,6.6691058857204215,-0.04025031522016265,0.3243966566100947,0.09637961211245667,0
29051,Jorge Agustín Rodríguez,Monterrey,281,2023/2024,Right Defensive Midfielder,Left Defensive Midfielder,1623.8667,-0.8772193097293931,6.451639799661085,-0.5786862595115336,0.7673302387307563,1.4461708742878057,1.056531639021604,-3.0994510537163618,1
25203,Lucas Daniel Romero,León,281,2023/2024,Right Defensive Midfielder,Centre Defensive Midfielder,1221.0333,-0.5159147414219328,2.5370373596953,1.019656297450329,0.21077067259372437,-0.7970877087461917,-1.038104394751635,-1.6760446888056186,1
47467,Álvaro Fidalgo Fernández,América,281,2023/2024,Left Defensive Midfielder,Centre Attacking Midfielder,3794.733,5.53884740849584,7.3935813358871725,-1.9595821567403129,-3.1694870931487227,2.9764166307078175,0.8528129700490692,-0.49381793859278034,0
24064,Joe Benny Corona Crespín,Tijuana,317,2024/2025,Left Defensive Midfielder,Right Defensive Midfielder,1206.1002,-2.335338484514644,0.8480261570329078,1.952354474231623,-1.5375500198635264,2.2266003653637716,-1.4168051716519863,0.11930929627125003,2
28529,Fernando David Arce Juárez,Necaxa,317,2024/2025,Centre Defensive Midfielder,Right Defensive Midfielder,1158.1666,-3.897606850164747,-2.461484813322846,0.45570749737797545,4.601192062775604,2.97198064875497,-1.3498335848373069,0.26865384270900244,2
47345,Adalberto Eliécer Carrasquilla Alcázar,Pumas UNAM,317,2024/2025,Right Centre Midfielder,Right Defensive Midfielder,1288.9667,7.0771945695951,0.7486071390242256,-1.5429315185799957,0.10747793019815331,-1.716466114222346,2.84089329241823,-1.1787494085929382,0
26361,Jordan Steeven Sierra Flores,Mazatlán,317,2024/2025,Right Defensive Midfielder,Left Defensive Midfielder,2305.0833,-1.8234632244628002,-0.6258302051776603,0.3291962827856332,-2.571796354459018,0.7122493751061524,0.9480234321387979,-0.14312356125552422,2
31044,Jefferson Alfredo Intriago Mendoza,Mazatlán,317,2024/2025,Left Defensive Midfielder,Right Defensive Midfielder,1090.7,-5.4343131451408375,-0.3932708172717678,-1.2287794716655702,-3.1476662663752637,-1.7680411142978452,1.2626860089713015,1.2994849908751784,2
101509,Piero Aldair Quispe Córdova,Pumas UNAM,317,2024/2025,Left Centre Midfielder,Left Wing,2259.867,8.517106987249392,1.3740793852027042,3.1915145831061107,-2.4758479053067184,0.9086994436194284,1.391551632509511,1.4462164928063344,0
5526,Pedro Jesús Aquino Sánchez,Santos Laguna,317,2024/2025,Right Defensive Midfielder,Centre Defensive Midfielder,739.8833,-4.197410199817207,0.605253536010928,0.7985454221224765,0.31902826077185037,-1.2116269749196638,-0.8606790775673648,-0.857897799602436,2
29078,José Luis Caicedo Barrera,Pumas UNAM,317,2024/2025,Centre Defensive Midfielder,Left Defensive Midfielder,3646.233,-2.072905926778339,1.6462655082115893,0.4132906297884257,-1.1359912153640759,0.3378298186269233,0.40748690680683497,-1.1858660319377203,1
27234,Christian Hernando Rivera Cuéllar,Tijuana,317,2024/2025,Right Defensive Midfielder,Centre Defensive Midfielder,1943.9169,-2.947843928917221,3.1487359268635617,5.2929780440236724,-0.4173026943119938,2.7166429477136327,-0.333132741436889,-0.6697792856748402,1
130953,Nelson Alexander Deossa Suárez,Pachuca,317,2024/2025,Left Defensive Midfielder,Centre Attacking Midfielder,1364.2666,4.911842775749423,0.8755880318549202,4.109604066253069,2.654925799499936,-1.0576122746454255,4.128633313140405,0.5866291896220469,0
130953,Nelson Alexander Deossa Suárez,Monterrey,317,2024/2025,Right Centre Midfielder,Right Defensive Midfielder,1633.2666,7.366431154122021,-0.6009728104112522,5.714084301766747,0.26643588344587593,1.4354970884470373,3.4594622397958554,1.7989298669739437,0
23899,Frank Boya,Tijuana,317,2024/2025,Right Defensive Midfielder,Left Defensive Midfielder,817.55,-3.3267513246054783,-3.799809440004353,0.757610921144268,1.9980100958474893,3.3151110703902447,1.0781820475320443,-1.9567788372401185,2
27904,Fernando Gorriarán Fontes,Tigres UANL,317,2024/2025,Right Defensive Midfielder,Left Defensive Midfielder,3505.4495,3.647878642769078,0.0835312297185485,1.769765040506855,-0.19258252795605146,0.7745831899870514,-0.45196907027193434,-0.6654938821103616,0
123360,Santiago Damián Homenchenko Bianchi,Pachuca,317,2024/2025,Left Defensive Midfielder,Centre Defensive Midfielder,596.38336,0.19557509910322274,4.415058918956644,6.039144702962874,4.8134537899307315,-0.5604402515016543,-2.3175543888526833,-0.48168868956443156,1
45216,Facundo Federico Waller Martiarena,Puebla,317,2024/2025,Left Centre Midfielder,Left Defensive Midfielder,1766.7833,4.280551614982527,-1.4595306088865851,2.580032087089818,4.865271109088597,-1.5215547821593043,-0.5232884395679793,2.099399361174467,0
234320,Nicolas Fonseca,León,317,2024/2025,Right Defensive Midfielder,Centre Defensive Midfielder,1534.3168,-3.4842974588891504,4.172047256129683,2.2416083634055504,0.004442860765966833,-2.9672625468593643,-3.603546958963907,1.712977108523942,1
12607,David Josué Colmán Escobar,Querétaro,317,2024/2025,Left Centre Midfielder,Left Midfielder,830.2833,6.383668336809428,-3.388140596239417,-3.655583349889707,-1.8551399847237697,-3.8918271932557165,1.8852852310249901,2.373936186002215,0
31956,Richard Rafael Sánchez Guerrero,América,317,2024/2025,Right Defensive Midfielder,Left Defensive Midfielder,1100.4667,2.1087362003509336,3.084106256450618,-1.378495184458941,-2.922787128198037,2.6199286239409028,0.2428570845307925,-1.345507598144751,0
46679,Rodrigo Manuel Bogarín Giménez,Querétaro,317,2024/2025,Right Defensive Midfielder,Right Centre Midfielder,798.30005,-1.0805079526407027,-5.1432156644113585,-2.0173717005027854,2.9822136608249443,-1.6283016777536343,-0.7356396575509515,0.6749713759846044,0
37359,Roberto Ismael Meraz Bernal,Mazatlán,317,2024/2025,Left Defensive Midfielder,Right Defensive Midfielder,2036.3168,-4.168313001617985,1.8313757903074428,-1.3347016176156403,0.6262375366337134,-0.08659113839711609,-0.5940337734961646,-1.5584835222527162,1
43330,Alan Eduardo Torres Villanueva,Mazatlán,317,2024/2025,Right Defensive Midfielder,Left Defensive Midfielder,1320.6167,-2.331566456077292,3.6125092138560766,-0.6968848944407167,-0.9292224939552466,-1.6683156048168633,-1.7951337934752167,-0.9657384053435121,1
26289,Javier Güemez López,Atlético San Luis,317,2024/2025,Left Centre Midfielder,Left Defensive Midfielder,1289.4667,4.060870869217925,-0.29192795508574165,-2.096200524734257,0.23103633277264535,1.6264523208663857,1.352596583140438,-2.5097387334086076,0
436775,Ángel Jesús Rico Reyes,Pumas UNAM,317,2024/2025,Right Centre Midfielder,Left Centre Midfielder,980.13324,4.210514946703097,-3.781505821886294,0.37942277439411276,0.08987559338380012,-2.660275791434319,-1.4502056806678743,-1.0556128756479846,0
183000,Santiago Trigos Nava,Pumas UNAM,317,2024/2025,Right Defensive Midfielder,Left Defensive Midfielder,1113.2333,-1.191567264292212,-1.5301550415842313,2.566490333672186,0.2686641643924878,2.3422450284275076,-1.0000263690711755,1.4405184676129614,2
27897,Ulises Rivas Gilio,Pumas UNAM,317,2024/2025,Right Defensive Midfielder,Right Centre Midfielder,1087.0333,-2.034568049727373,-5.855309739171443,-2.403810492445113,0.09448839704224517,1.5342156221440224,-0.16333276466146487,-0.7001057943402322,2
359908,Luis Eduardo Gutiérrez Castellanos,Santos Laguna,317,2024/2025,Right Defensive Midfielder,Left Defensive Midfielder,596.01666,-2.987927152950859,0.18466264331491,0.4629511134248536,-3.949547752473172,-3.0420282342782716,-1.0722027280061075,2.3063196644907755,2
37591,Aldo López Vargas,Santos Laguna,317,2024/2025,Right Defensive Midfielder,Right Back,2247.4001,-2.38039493232932,-2.1629340381021844,-1.144880707419472,-2.8241925863430537,2.425395783006457,-1.1226819138734663,1.0297276207440016,2
26289,Javier Güemez López,Santos Laguna,317,2024/2025,Left Defensive Midfielder,Left Centre Midfielder,1558.2832,1.0876800932267816,-0.030882305429246068,0.20100460754669297,1.6491717580304777,1.8676101697913194,0.10487791169727263,-2.6007321736670197,0
99579,Salvador Mariscal,Santos Laguna,317,2024/2025,Right Defensive Midfielder,Centre Defensive Midfielder,1651.7666,-7.061875655221743,0.011724505415962583,-1.6212538588015513,-1.2476458993093034,1.582219997307382,-0.28353630238519045,-2.155509731323233,2
438466,Paulo Ramírez Barboza,Atlas,317,2024/2025,Centre Defensive Midfielder,Left Defensive Midfielder,747.2834,-1.0112201043827247,-2.1049105015461667,0.5841707461670911,1.314181965181876,-2.244861781756963,1.5945004622281331,-2.5259215519209994,0
34347,Ángel Jeremy Márquez Castañeda,Atlas,317,2024/2025,Left Defensive Midfielder,Centre Attacking Midfielder,2946.0837,4.422724475817578,-4.601630372994801,1.537377921796383,-0.9433162376807492,-0.15446076837034706,2.7535329167261615,0.11690452727910776,0
43557,Santiago Naveda Lara,Santos Laguna,317,2024/2025,Left Defensive Midfielder,Right Defensive Midfielder,1061.3334,-5.110705995489478,-5.502101294591865,0.15585798356578554,-1.3989545485381178,-0.5753903274177349,0.0232243176508048,-2.3358923092593638,2
27959,Juan Pablo Vigón Cham,Tigres UANL,317,2024/2025,Right Defensive Midfielder,Centre Attacking Midfielder,620.5166,2.2039051554819746,-6.664384276839715,2.502818767245334,-4.680119934390815,-0.19642384945486258,-1.8840350412717142,-5.278346358939524,0
26324,Aldo Paul Rocha González,Atlas,317,2024/2025,Right Defensive Midfielder,Centre Defensive Midfielder,3079.8164,-1.3886984323205225,1.7072252906297904,-0.263060046705989,-0.4320001325262474,-0.9243725214609078,-0.3747593687640008,-1.8592192173374218,1
34349,Alexis Hazael Gutiérrez Torres,Cruz Azul,317,2024/2025,Left Centre Midfielder,Left Attacking Midfielder,2260.4167,5.371224557347253,-4.129040204140123,-2.1680231861223973,-2.806267999133911,0.4025760085328472,-1.508886022535436,-1.537496755289751,0
239947,Bernardo Parra,Tigres UANL,317,2024/2025,Right Defensive Midfielder,Left Defensive Midfielder,596.1666,-2.1572161755708312,1.2860727299444248,1.06344463301732,-3.3295109129953273,-0.7086074505825254,1.1431138462159804,-2.4758996964240314,1
399874,Elías Enrique Montiel Ávalos,Pachuca,317,2024/2025,Right Defensive Midfielder,Left Defensive Midfielder,2806.0498,4.5796405464269965,2.6876556318168636,2.154618576672229,-0.5983809892378297,-0.6172120013405958,0.8376384844595853,0.15108623067665325,0
32916,Diego Eduardo De Buen Juárez,Necaxa,317,2024/2025,Right Defensive Midfielder,Right Centre Back,905.4167,-4.235086634142935,1.039070990099446,-5.746255087921778,3.0991453338695933,3.5974875483348456,1.912413791252172,-1.4210382281275564,1
24124,Omar Nicolás Govea García,Guadalajara,317,2024/2025,Right Defensive Midfielder,Left Defensive Midfielder,534.4666,4.282072764000608,4.793614317261181,0.4943117305478924,-0.5214676957541053,0.479127933658097,1.6495162837223631,-0.7720820139896731,0
198802,Pedro Pedraza Reyna,Pachuca,317,2024/2025,Right Defensive Midfielder,Left Defensive Midfielder,2151.15,-5.184365454325284,0.2974867770775312,4.206576732903466,1.2997725796042225,-1.3701157647248545,-3.174032464045866,1.9988927360922184,2
275441,Rodrigo López Quiñones,Pumas UNAM,317,2024/2025,Right Centre Midfielder,Right Wing Back,1230.15,8.850579911764912,-2.3406814384054027,-4.715262025146865,1.020504950485387,0.4912824522997932,2.196158151529962,0.3392937053392154,0
26341,Fernando Rubén González Pineda,Guadalajara,317,2024/2025,Centre Defensive Midfielder,Right Defensive Midfielder,2436.9001,-3.1722397778682145,2.291657063557778,1.9735909473119322,1.5741244653332611,1.0935886468933633,1.6123781548342695,-2.774323817235834,1
26386,Luis Francisco Romo Barrón,Guadalajara,317,2024/2025,Right Defensive Midfielder,Right Centre Midfielder,1133.25,4.910315431591545,-2.736177044597048,2.083380023192304,-1.5294189708926849,-0.7550875125156123,-1.0157914732142608,-3.5466482219382454,0
412677,Aldahir Perez,Querétaro,317,2024/2025,Left Centre Midfielder,Right Wing,797.6333,2.3373612016150784,-4.32404266018473,1.9584572281841879,-0.5677583888938887,2.4021653444472073,-0.20672006064575285,3.5797701345166546,0
386196,Víctor Manuel Arteaga Camarena,Toluca,317,2024/2025,Right Defensive Midfielder,Left Defensive Midfielder,943.36664,-4.570911448501492,0.9330551669608149,2.595463323335739,-0.37049713288159786,-1.8241245005857194,-2.83046231490079,0.2152283573012048,2
275687,Iván Oswaldo Tona Olmeda,Tijuana,317,2024/2025,Left Defensive Midfielder,Right Defensive Midfielder,2312.8,2.556433711492337,2.3843856433154125,1.030905965815399,-2.8387572591246655,-0.4125741802903704,1.1580423463122227,-1.537118226413699,0
31050,Óscar Uriel Macías Mora,Atlético San Luis,317,2024/2025,Right Defensive Midfielder,Left Defensive Midfielder,2833.85,-2.340361820671153,-0.655615325054685,2.255429331811073,-3.412894875837879,2.319015221286886,-0.41655157804690984,1.2215805852648638,2
26329,Marcel Alejandro Ruiz Suárez,Toluca,317,2024/2025,Left Defensive Midfielder,Right Defensive Midfielder,3823.5002,1.7902525601083354,1.1766209719132752,3.0512986051029456,0.3895714898755268,2.3910203520902904,-1.1148161735115096,-2.8668797750681025,0
26297,Carlos Alberto Rodríguez Gómez,Cruz Azul,317,2024/2025,Centre Defensive Midfielder,Right Defensive Midfielder,3577.35,8.102803183725937,7.044042228806599,-1.3294189557977072,-0.011369243876262274,-0.5439806418128373,-2.5741511539844755,-1.8979797867625945,0
26320,Pablo González Díaz,Puebla,317,2024/2025,Left Defensive Midfielder,Right Defensive Midfielder,2116.2666,-5.303865472949735,-2.705909567215378,-1.0452038070171839,0.6102227237445162,0.055557603265677206,0.34834405134755053,1.2833830519353682,2
136585,Alberto Herrera Rodríguez,Puebla,317,2024/2025,Left Defensive Midfielder,Left Wing,1078.7666,1.305056385978903,-4.581082665540627,-0.4967212040727125,1.8952910503214724,-3.7607295791762985,-1.3359756708839208,-0.27432699728451493,0
32916,Diego Eduardo De Buen Juárez,Puebla,317,2024/2025,Right Defensive Midfielder,Centre Defensive Midfielder,1602.6833,-3.993057441112075,-3.0812027561879494,-3.8846586383038337,3.551059744193597,1.9803785528313425,-0.9600705142875147,-0.8775212475539971,2
5575,Héctor Miguel Herrera López,Toluca,317,2024/2025,Left Defensive Midfielder,Centre Defensive Midfielder,732.3167,0.9509519573401398,3.088449949315072,2.5819456097982854,-1.9453226480790262,0.36998058559897434,2.409467983914468,-1.781056500324951,1
28208,Jonathan Alexander González Mendoza,Juárez,317,2024/2025,Left Defensive Midfielder,Right Defensive Midfielder,1252.8666,-6.285192948641931,0.2567172708195061,-1.836243640198193,-2.8292125687118546,-0.7094431303721703,1.2509782967345124,-1.004459039752908,2
274998,Diego Campillo Del Campo,Juárez,317,2024/2025,Left Defensive Midfielder,Right Defensive Midfielder,2550.5667,-1.1426374512748283,0.36555588268372513,-1.6887858446676804,-0.18787848960115333,-1.4085316515346955,1.7766630830432173,1.063959481010194,1
43555,Erick Daniel Sánchez Ocegueda,América,317,2024/2025,Right Defensive Midfielder,Right Centre Midfielder,3012.8833,5.059206305889408,-2.8912413451970305,1.8942338166987764,-4.218096348130972,-0.22211200141949947,-0.5041111812953653,-3.5093536704128185,0
6357,Jonathan dos Santos Ramírez,América,317,2024/2025,Left Defensive Midfielder,Centre Defensive Midfielder,1766.3,-2.5951211311952136,4.157799669949533,2.3730559594004488,-2.8674437446022023,0.05471654556612987,1.827605102092754,-0.3055448557167314,1
27948,Kevin Rafael Escamilla Moreno,Querétaro,317,2024/2025,Right Defensive Midfielder,Left Defensive Midfielder,2228.317,-5.316739434373297,-0.47554865831879245,-1.8875839118216446,-0.28362359786142965,-0.3582911907687604,0.6809748113036731,-0.1593122513900165,2
29265,Alan Jhosué Cervantes Martín del Campo,América,317,2024/2025,Right Defensive Midfielder,Left Defensive Midfielder,2148.7334,-3.9576965475406305,0.23442026147325237,0.6624805038873834,-3.7478814999612435,-0.6910303499096496,-0.750515048676851,0.6304820801886152,2
32979,Fidel Daniel Ambríz González,Monterrey,317,2024/2025,Right Defensive Midfielder,Left Defensive Midfielder,1676.6167,-5.31000616240379,-0.19460038407531227,1.3234640361739713,-0.47078747499159485,1.4813980505126658,-0.3050260408360296,-0.4137004542787167,2
181730,Diego Gómez,Necaxa,317,2024/2025,Right Defensive Midfielder,Left Defensive Midfielder,553.88336,-5.376473191894587,-5.880129419944649,-0.29226588902167483,0.7919592017577802,-0.660630341610481,0.31363043012613573,0.3928870364184364,2
31462,José Iván Rodríguez Rebollar,Necaxa,317,2024/2025,Left Defensive Midfielder,Right Defensive Midfielder,1591.6334,-3.297147546150612,-0.09846633946006701,0.39477575376979984,0.8591465776242079,2.313123643968964,1.3570471996889568,-1.2720337187541588,1
431303,Ángel Tadeo Estrada Meza,León,317,2024/2025,Left Defensive Midfielder,Right Defensive Midfielder,1503.2833,-1.7240905021454644,-3.39090008984435,0.426622593931651,-2.4911730265996623,0.843196664532576,-0.018233521659793313,1.4147855748956142,2
5563,José Andrés Guardado Hernández,León,317,2024/2025,Left Defensive Midfielder,Right Defensive Midfielder,1741.8497,1.0049033664124496,2.7731200389278317,-1.1447816556829873,-0.28702287843238183,0.35209073131977614,-0.23250182556193985,0.6354980074002845,0
208278,Andres Montaño,Cruz Azul,317,2024/2025,Left Defensive Midfielder,Centre Attacking Midfielder,939.99994,5.509429425183812,-1.3512216446188505,-0.8434495679427103,-0.6614889131646406,5.065183149870112,1.839958358400661,0.9857233780228767,0
30457,Fernando Beltrán Cruz,Guadalajara,317,2024/2025,Left Centre Midfielder,Right Centre Midfielder,2151.2998,5.570613645659145,0.19598044421469657,-0.43594745111081634,-1.9647522339463355,0.2973902332907812,2.4442962533348678,-1.4675294904367537,0
15872,Érick Gabriel Gutiérrez Galaviz,Guadalajara,317,2024/2025,Left Defensive Midfielder,Centre Defensive Midfielder,2615.3665,-0.35222746697617824,0.281513032832027,2.2753088636008094,1.0414968130888114,0.6126487447730344,0.5954292545104586,-2.2003592311981746,1
401074,Iker Jareth Fimbres Ochoa,Monterrey,317,2024/2025,Left Centre Midfielder,Left Defensive Midfielder,2161.7168,2.1927986485537674,-0.14193785361500627,1.6768173740468753,-4.673147266309753,-0.6210727844993547,-0.13364119412422615,1.9752671344058692,0
35738,Rodrigo Eduardo Echeverría Sáez,León,317,2024/2025,Left Defensive Midfielder,Left Centre Back,1637.0668,-3.6196274077667367,-0.7304566967307556,-0.3460330936950178,-0.03920772081532644,3.956243400587727,-1.4709342465586985,1.320900803305082,2
29521,Claudio Andrés Baeza Baeza,Toluca,317,2024/2025,Right Defensive Midfielder,Left Defensive Midfielder,1315.2167,-2.791422661984678,5.421428562915968,-0.8844693705388404,-1.8237835598043357,-0.10050634672875643,-1.3898237781025449,0.5710587810307032,1
26774,Rodrigo Dourado Cunha,Atlético San Luis,317,2024/2025,Right Defensive Midfielder,Centre Defensive Midfielder,3719.834,-3.237063082851117,0.0906765474177134,2.3270339784943195,-0.06813511400974048,1.9265355285827401,-1.230388727568287,0.8070020850885276,2
28563,Rafael De Souza Pereira,Tigres UANL,317,2024/2025,Left Defensive Midfielder,Right Defensive Midfielder,1740.2335,-1.9892428017169486,4.881568048047746,-0.1466654039365768,-2.5343615427890014,0.5272813010996574,2.3347471921109673,-1.5329428171368698,1
42479,Guilherme Castilho Carvalho,Juárez,317,2024/2025,Right Defensive Midfielder,Left Defensive Midfielder,2520.1333,4.015844848499524,-2.0124181876753213,-0.8297487965795463,2.7979622136057825,-1.1922819323719196,-2.778998171384755,2.1530610053860246,0
27567,Mateo Ezequiel García,Atlas,317,2024/2025,Left Centre Midfielder,Centre Attacking Midfielder,651.9167,3.619055167699557,-5.038146474236776,7.242616697141944,-0.6413517784054306,-3.357474834692217,-0.06390316530267123,0.7707291417602156,0
28815,Agustín Palavecino,Necaxa,317,2024/2025,Right Defensive Midfielder,Left Defensive Midfielder,3576.7168,9.018787991803247,3.042274777846624,1.0894091508132235,4.3755376753943755,1.3188547180851633,0.9011902087789545,-0.9707210285263005,0
28894,Lorenzo Abel Faravelli,Cruz Azul,317,2024/2025,Left Defensive Midfielder,Right Defensive Midfielder,2891.6003,2.2491907883765556,-1.538494675454554,1.7499512028648472,-1.8253619333882976,3.5505115885145817,-3.8494731664571904,0.4201859613479511,0
27860,Franco David Moyano,Puebla,317,2024/2025,Centre Defensive Midfielder,Right Defensive Midfielder,1399.0833,-3.5907107257136346,1.0657377200352018,-3.001849856987763,-1.7110423540420554,-3.3978502253548983,-0.6139577604770128,0.8960337545448621,1
30572,Federico Eduardo Lértora,Querétaro,317,2024/2025,Left Defensive Midfielder,Right Defensive Midfielder,2652.1167,0.3361600882912838,-5.53852244183585,-1.9331043444995046,4.807080302276504,-0.8303753643853198,-1.087913218686432,-1.1431472484407055,0
23754,Lucas Rodríguez,Querétaro,317,2024/2025,Left Centre Midfielder,Right Centre Midfielder,2109.6836,3.9961642467085396,-6.156587064978087,0.9711305075508436,-2.0011001207888626,-0.6023949202000913,1.958743872563448,1.9780329279366577,0
29051,Jorge Agustín Rodríguez,Monterrey,317,2024/2025,Centre Defensive Midfielder,Right Defensive Midfielder,3641.2664,-3.407130421426126,3.4143002450952604,0.4520556565939314,0.7085656275595162,0.8024522673753584,-0.431928863837597,-1.9568569826772855,1
52104,Franco Agustín Romero,Toluca,317,2024/2025,Right Defensive Midfielder,Left Defensive Midfielder,1378.2332,-3.9328232847591393,2.5091405769176927,2.482252042956721,-2.4253725728138766,-0.283258407476571,0.5618262635526954,-0.7388595715334741,1
47467,Álvaro Fidalgo Fernández,América,317,2024/2025,Left Defensive Midfielder,Left Centre Midfielder,3749.6165,8.42310938160715,4.501521980695782,-0.7907613991279155,-2.115667299681655,4.710069631704232,-0.05854264495582295,1.2411893598460089,0
12021,Óliver Torres Muñoz,Monterrey,317,2024/2025,Right Centre Midfielder,Left Centre Midfielder,2600.9167,7.083121639651269,1.610898924633527,0.7171970896557421,0.037901476899680125,2.300649227111799,-3.2063229300556553,-1.360741389152493,0
