player_id,season_id,p_c0,p_c1,p_c2,p_c3,p_c4,p_c5
28529,108,1.1417397654485547e-24,1.5660346667176184e-13,2.4082235338361134e-17,0.9999999559112088,1.6795836002762603e-28,4.4088634769168935e-08
30458,108,1.3871333656238087e-36,0.9982139939244389,5.094113396747956e-41,0.00019728618398929471,3.1011781469289447e-15,0.0015887198915685162
28173,108,1.1188764993081347e-44,7.545215578288212e-12,5.566961554067878e-05,5.628889011931246e-05,4.1118809794372255e-18,0.9998880414867949
31044,108,0.9961520828605722,4.295989287856441e-19,1.857327932348609e-23,0.0038479149354325405,2.2039953502276575e-09,2.8410350768908346e-23
31044,108,1.976649605685428e-07,5.445017516020887e-11,9.508989386116423e-28,0.9999998022656724,1.4916731676736517e-11,4.3475907381666424e-17
26361,108,0.7731262933891457,1.1245648983772949e-06,3.6032665043483743e-40,0.22687258204595595,3.80483022504164e-24,1.7930930447643693e-19
4493,108,1.0615090461934547e-18,0.005568310469895534,6.843793366032207e-32,1.8312777486384972e-05,0.9944075351247249,5.841627893452093e-06
5526,108,0.9501669720219811,5.576824624632242e-16,2.780628516814399e-34,0.049833027978018245,1.0403822046521103e-16,1.8306197820235973e-17
5529,108,9.965206901443372e-08,0.00026090132830298263,5.866795248499079e-50,2.2287381304305913e-07,0.9997387750637206,1.0820942434286483e-09
28508,108,4.0857229456068625e-12,2.4303111422780745e-05,6.188713826501498e-38,0.000423530803493861,0.9994359158949724,0.00011625018602505839
27234,108,0.9847731627497591,1.9240060070424744e-14,6.749314282837085e-36,0.015226837131931726,1.1828718887262841e-10,2.8388828469084265e-15
26258,108,9.00717754153694e-31,8.196185464539774e-21,7.342980195857278e-13,2.7408733482752537e-08,0.8095419360395244,0.1904580365510077
28617,108,2.683364559864837e-17,3.653777226290512e-59,0.9995921398472496,0.0004006631796453694,1.622848497639447e-11,7.196956876453791e-06
26345,108,9.901348707858813e-27,1.7900243844631158e-59,0.9886817249673084,3.8251101668524307e-07,0.01064955057471366,0.0006683419469612113
35976,108,0.1322930116877767,6.369081241570132e-42,0.00042819662468562803,0.8672787916870317,3.2318802904209456e-15,5.026482914665503e-13
50461,108,2.3525959076293045e-21,0.0035401086238502884,2.734897010337368e-21,0.9964527113868841,1.667079701164104e-17,7.179989265911312e-06
27904,108,1.8208158449109944e-18,0.9982054669584713,3.6895707716799914e-58,5.635985168899846e-07,0.0017911656336147602,2.8038093970563407e-06
45216,108,3.793287042056623e-27,0.021574155402778263,2.521315648065036e-25,0.0001436362392089264,0.0007936928934405704,0.9774885154645717
36661,108,5.128578006050552e-26,0.9999612886996636,9.66540379615924e-41,1.0113376025246785e-06,2.2660483364710782e-05,1.5039479369404568e-05
35492,108,3.4826843696482576e-40,0.13788908708177536,6.301737587392609e-20,0.00018429138951270285,1.9043872623704516e-14,0.861926621528693
28159,108,1.1094950345684023e-41,1.3030192709159378e-34,0.9779007211020829,0.001477334348737949,3.277282196756458e-19,0.020621944549179295
31956,108,2.0322867200122743e-12,3.165093007910783e-05,2.785721960445922e-42,2.5624991502575885e-08,0.9999683234424733,4.238392622912458e-13
26351,108,0.9915471938708129,9.99880073390221e-27,5.84363031777348e-28,0.008452799562613331,6.566573524029e-09,2.0500171733107475e-17
43477,108,8.336774018856005e-31,7.972166700550284e-39,0.993070612249836,0.006854096366867535,7.439136098921986e-16,7.529138329589137e-05
28160,108,8.1561559849794e-45,1.8915493996412283e-42,0.994171510469933,4.893193481496655e-07,1.8456022268547697e-05,0.00580954418845034
27953,108,0.0007492908552724933,2.68670122379433e-32,6.317450765715741e-06,0.9992443916935929,6.887320196925586e-23,3.688600641479035e-13
28515,108,1.8356545005799485e-27,1.1528400917442448e-52,0.9557293011086943,3.5594106800959243e-06,0.044265858689674115,1.2807909515579258e-06
28419,108,4.8182455764329276e-42,9.823949085389275e-16,8.254541200353623e-08,8.828561267546159e-07,0.0008552082179127937,0.9991438263805476
26324,108,0.9942473811202123,7.59697122818856e-19,1.236844593277002e-34,0.005748884915013617,3.733964774303833e-06,1.2680994759037586e-22
37359,108,1.8303858525691184e-13,8.184232540285529e-26,6.364477662561005e-06,0.9999936352574307,9.52684305499593e-33,2.6472371173093517e-10
43552,108,1.6715302326631048e-25,7.823331235797178e-56,0.9994604842047771,0.0005209033675440404,1.913966461334162e-12,1.861242576509644e-05
34195,108,2.9993777603839923e-17,4.2850206127803384e-08,1.7867508423562186e-10,0.9999180630633133,6.214663173765961e-30,8.189390780528558e-05
92574,108,9.061674020673366e-25,5.062946920360129e-33,0.8871452137629912,0.11262410481297966,1.3409873316405036e-12,0.0002306814226881767
26278,108,0.7548032926168936,3.8012295547721546e-36,3.227334766752591e-09,0.24519670415575587,1.5547193990293434e-14,1.776995419669776e-18
26330,108,9.206927971140145e-40,3.141840993801643e-36,0.9335175290725014,0.00017344112427203551,2.9753366012564464e-20,0.06630902980322653
30726,108,4.8908704304021924e-30,2.350543604808617e-48,0.8133901901902915,1.1678185546690487e-06,0.18658183240580767,2.6809585346207377e-05
28766,108,1.490644861087839e-40,2.1237819621219995e-17,2.095388414318116e-09,1.792711986615358e-08,0.9978158880095723,0.0021840919679193
28424,108,1.0837865169155556e-08,4.866640385618278e-09,6.96027411849662e-22,0.9999999842954769,5.7700358101424424e-34,1.7685624332520914e-14
26375,108,1.916326667718662e-39,0.923495042341303,9.262735774589007e-31,0.06302094779165895,1.9245751049822066e-23,0.013484009867038578
26315,108,2.434942212145624e-19,1.887139473407604e-70,0.9999825325691039,7.181170438513392e-06,8.078763840584397e-06,2.2074966168679395e-06
27902,108,6.2936457629064854e-15,2.8421551628626157e-41,0.9761378887752399,0.005167883663936731,7.654865428854602e-10,0.018694226795330875
27153,108,1.0646750952538695e-19,2.7166724515796164e-25,5.85868845965735e-14,4.187585212527207e-07,0.9723586453555242,0.02764093588589587
27959,108,1.5517092059053706e-25,0.9788588416196243,9.029785563372356e-36,0.021140609144616386,5.79702909837275e-34,5.492357592625146e-07
32970,108,4.753223596923725e-39,5.820748391227861e-48,0.9577848600363607,1.1618876566128488e-06,3.1572179055828784e-07,0.04221366235419222
43708,108,0.7316892764130272,4.7245789931435645e-21,1.6457963182369727e-19,0.2683107235869725,8.3705186991874e-28,2.940165604439126e-16
27888,108,0.9006961885569428,4.3343423232735485e-36,4.389170465234886e-11,0.09930381139916025,4.834576091732821e-15,5.052614476789016e-16
26342,108,2.7129638690564214e-26,2.8485756688064582e-58,0.999607324936587,5.565169104731473e-06,4.835491055783871e-09,0.00038710505881720024
43622,108,0.9789981619321495,2.823594648206447e-49,9.086006520117373e-09,0.020281817896139444,0.0007200110856916281,1.299198801513931e-14
28432,108,2.824654431410591e-25,6.089802550810669e-50,0.9985072280666939,0.001396180816988983,1.884995963070518e-15,9.659111631504155e-05
26325,108,9.99970357552014e-12,6.148697526226131e-68,0.999098679980565,0.0009000446877621811,1.274406274926995e-06,9.153982362691474e-10
42636,108,2.569483259784917e-38,1.1498944779654935e-51,0.9595483114463033,1.6117988178274382e-07,0.04020877577665823,0.0002427515971565648
30945,108,7.552361352242453e-16,1.911942958293748e-58,0.9960969261094204,0.0039030019340663847,1.1774280843182147e-12,7.195533526740644e-08
29265,108,0.9768589405298068,5.420538581904013e-17,1.1850840579829834e-26,0.023141059470193254,1.8125792318294772e-17,1.4688468877176673e-17
27900,108,1.6587308737687846e-27,1.2420191447668092e-53,0.990275694526245,6.617854565554531e-06,0.00971552978991791,2.1578292715316655e-06
26376,108,2.086422095409626e-13,2.2579827680057765e-29,1.859463310115824e-10,4.850593107705897e-06,0.9999951481372642,1.0834731314392205e-09
27897,108,7.979648302618792e-07,1.515891599693391e-27,3.094332699094162e-07,0.9999988925956017,5.5558881101196736e-27,6.2981022677261365e-12
44362,108,3.567999592664021e-33,0.9991162046782479,8.969884212857275e-33,0.0006873472389903583,7.645158960493587e-18,0.00019644808276171342
183000,108,0.9920336889037893,3.695846410441916e-13,5.6655644705373324e-40,0.007966311080661493,1.5179546434263194e-11,8.500804088694066e-21
27955,108,6.865574790269457e-35,9.833140136505187e-09,2.151843393619952e-21,2.0667909365227628e-09,0.9430777947187798,0.05692219338128906
29517,108,4.5156438211849034e-11,0.20999546595058824,9.951348194462083e-57,6.827546870390988e-08,0.7900044656547245,7.40621075586482e-11
43622,108,0.995514231713059,2.009100156514626e-46,1.0182705819449956e-10,0.0044582071722257515,2.7561012888305107e-05,1.086831045401721e-18
28516,108,0.9945392970122822,4.434024296426286e-31,5.220976840218229e-21,0.005460702983068407,4.64913564258979e-12,3.3442750713113494e-24
52290,108,5.51139601218052e-28,8.719580267130843e-69,0.9988839468147754,1.3748733280958451e-06,0.0006601942145722566,0.000454484097324423
29516,108,1.4398270740422894e-05,4.4670886649269964e-40,0.003956522113126504,0.9960289739965985,3.1446848190092055e-08,7.417268661065889e-08
130976,108,5.69922358294525e-39,0.02226309369597031,6.276920713510523e-15,0.0010828133405547651,5.386792874352001e-16,0.9766540929634682
26350,108,7.87823890626051e-18,3.550146883698136e-21,0.01761590358701336,0.9607836646729702,1.1748458414542062e-26,0.021600431740016218
30457,108,8.39941068501524e-10,0.9966388479437501,3.6455128502000426e-55,0.0033605090395368064,6.259947245809265e-07,1.6182047256868933e-08
29267,108,2.497595012205292e-15,6.004902562719476e-47,0.44123756601133174,0.5587520563497594,5.248707928471973e-11,1.0377586419230982e-05
27891,108,6.402238204789631e-08,4.3131937139155543e-63,0.9861207979103892,0.013877204079562437,9.30609126377151e-12,1.933978360088992e-06
26362,108,0.29575012474129203,6.708251173553718e-17,4.5736894209855797e-20,0.7042498752587079,1.4778470188800777e-27,1.5194428054527996e-17
30500,108,9.481925812786649e-55,1.375883661376248e-16,2.7690021626271646e-05,5.8353901926487085e-08,0.004396465289037224,0.9955757863354342
28825,108,1.0054015180242815e-14,7.450691210510553e-15,1.4027590933209938e-22,6.140196991873212e-06,0.999993853153425,6.649565838625192e-09
28207,108,1.31641092326824e-29,0.9950617405631229,1.5401329981642154e-46,2.2656739380511015e-05,3.6221223086104966e-11,0.004915602661275515
28562,108,3.5155684165275205e-08,7.843787412945303e-19,2.5228379816900155e-15,0.010452788861712647,0.969982923086917,0.01956425289568324
28558,108,2.050996068083086e-19,3.375099003524859e-24,8.876108115177036e-06,0.9998737387036865,9.389686142814566e-05,2.348832677027745e-05
28418,108,4.5942207020810535e-34,0.9644081320450687,3.3332041364660014e-27,0.00013312995427655763,2.4506871278436165e-11,0.035458737976148014
29413,108,3.924875784146443e-25,0.9772644891609219,3.241081623182658e-29,0.022701990809302228,7.801281635636014e-29,3.3520029776104906e-05
34262,108,1.1629054858516442e-25,0.9999294863471188,1.877673734640108e-49,6.736357813210013e-05,4.822227436721792e-10,3.149592526420516e-06
43317,108,3.547480984480113e-42,7.13158344345268e-53,0.9901875638614601,4.988754022889062e-06,2.5865224359642e-11,0.009807447358651843
77115,108,1.5273070032750671e-16,1.2957114366323458e-63,0.9985050507185848,0.0014772593770477822,1.2449355380946047e-14,1.7689904354758224e-05
28512,108,2.155365955523692e-40,1.2384401108340683e-40,0.9362411818199358,5.958889903783815e-07,0.059010534303822054,0.004747687987251922
30074,108,0.9745556871799924,5.607707539672388e-34,8.331221883460612e-19,0.025444312199107002,6.209006621546526e-10,8.11400820643584e-20
28056,108,1.1763837764138815e-10,1.4061003867709607e-14,3.465625034587605e-08,0.9999999601381194,4.0302295876366855e-18,5.087977731116032e-09
27888,108,0.9705191370096478,2.79472775740268e-27,1.0439737905477908e-21,0.029480862990329027,2.3125534138889474e-14,6.081895645248661e-19
45016,108,8.686502298935154e-35,3.584768076645841e-26,0.939043637603767,0.007932162393650891,7.170295439922278e-08,0.05302412829962742
32979,108,0.8548114997779462,1.7543921062370013e-25,3.488730273585378e-21,0.1451885002220538,7.510555169590683e-19,3.64586878172365e-18
43555,108,3.557246892319345e-24,0.995815163908674,2.1564618750305646e-52,0.004184831738043882,1.5261388351877684e-12,4.351755925064458e-09
27902,108,3.084796005538515e-44,1.5672574979034027e-20,0.0004271454405195413,1.6619561333294155e-05,1.4799026197062263e-12,0.9995562349966672
34397,108,5.320614386870382e-38,9.74753322332828e-11,2.5900979201242183e-06,0.0008717211721410096,5.752200801373309e-09,0.9991256828802626
31445,108,0.07002084835677506,4.726663774190205e-19,6.44546346940628e-18,0.9299791516432249,4.684116892314451e-30,8.740041826608293e-17
26406,108,4.253763295023192e-41,2.2170800739953933e-18,4.098269815655344e-06,1.556072773121424e-07,0.01703753089968046,0.9829582152232266
26341,108,0.9926813171461113,8.092984413044053e-09,1.9967177214918473e-49,0.007318674760560504,3.439522399550371e-13,6.281046490994439e-19
31445,108,7.942385483236167e-07,0.9885500495091237,4.029507754485907e-49,0.01144915625099942,1.4472681280030542e-14,1.313988635907164e-12
5556,108,1.697886565467753e-35,1.6512769176175288e-18,4.4872610833177015e-14,1.0685493877546866e-10,0.9997913804024163,0.00020861949068391218
28554,108,2.6426131046857876e-25,0.0002491297496611568,2.2946299757573214e-14,0.9987392842531505,1.0040989729070128e-31,0.0010115859971654149
30701,108,1.1497434929774842e-07,5.596973615665627e-49,0.8528981415166987,0.14710173371282098,5.681472593625814e-19,9.796130839698175e-09
28556,108,2.146034127168202e-11,2.8743777359135016e-48,0.12980733766842298,0.0009654514381871735,0.8689306387981053,0.0002965720738242261
28516,108,0.99906325176361,8.147303934322328e-27,1.5174713385239775e-28,0.0009054661515415352,3.128208484850872e-05,1.4209789658843598e-24
28540,108,2.4755370296781654e-15,3.6818851127208344e-69,0.9998551662051829,0.0001432602601064555,1.50580347006662e-06,6.773123807106388e-08
27948,108,6.216404174193335e-07,3.4366122086256016e-08,2.3867256573177103e-25,0.9999993439934589,2.581596195918995e-32,1.6089152369307359e-15
27960,108,2.6599994123984333e-09,2.49545020268682e-14,5.126986305351034e-31,1.2614523334595048e-08,0.9999999847254436,8.799852639038777e-15
43326,108,1.903538983865625e-18,5.801860650372717e-61,0.9988630483668132,0.0011369370171861843,2.549217722679207e-09,1.2066782991879995e-08
33097,108,3.943098982885473e-60,3.7396687694141096e-14,0.00032451035090468776,9.740745193381204e-06,3.9328219676890146e-19,0.9996657489038647
26386,108,6.121835546894313e-16,0.9768951177343173,2.5565298132178817e-40,0.023104821051025022,1.244575030373035e-27,6.121465676974963e-08
32267,108,5.875619466957605e-30,0.9997593693254193,2.451761483738982e-42,8.179754411996324e-05,1.268022922900849e-16,0.00015883313046041655
28510,108,4.010962692379766e-17,1.3832044305048146e-42,6.990518553701185e-06,2.452771616734165e-06,0.9801750273199585,0.01981552938987087
131067,108,9.384953281255057e-08,1.637687964544689e-12,5.900890062418377e-13,0.9999995268334123,7.043530230095902e-32,3.793148270606172e-07
32730,108,8.30456786099158e-31,8.798082341539e-57,0.9309130314820426,6.627520895932554e-07,1.1263734026115275e-08,0.06908629450213367
31462,108,0.9940631767499264,5.1460632466909526e-23,3.431768143299681e-28,0.005936822957032954,2.9304077300624113e-10,5.571288794617901e-23
43327,108,4.87333574345721e-10,1.4035404988054135e-34,0.07988682965786345,0.9201128188607575,3.869602714459962e-09,3.4712444267480327e-07
28524,108,9.683086793674706e-16,0.9100687125532051,1.842624163616089e-57,6.377450883172687e-08,0.08992935038333241,1.8732889524176583e-06
26297,108,1.8686681725092528e-14,0.9836771764138196,1.4335367145555052e-64,9.732439482296715e-07,0.016321850127296558,2.149170766547753e-10
26312,108,6.64740152165037e-39,0.7478954904191589,9.235942604975848e-19,0.01174025398877471,4.6825279057610135e-24,0.24036425559206606
43330,108,0.029417565903116078,7.649328681950109e-15,1.0208583288315e-34,0.002284684009021819,0.9682977500878545,3.165730196680867e-18
130977,108,1.5513944064167388e-24,3.394043807158275e-48,0.009137755782351889,5.424763344782731e-08,0.9907913450975759,7.084487243871704e-05
28560,108,1.3582632590919506e-17,8.342007510371588e-65,0.999662748374407,0.0003366872229148835,2.416071505162286e-09,5.619866063251771e-07
26289,108,0.9927312672841075,6.0605084552466924e-40,1.0375880053436088e-11,0.006527128270148829,0.0007416044353679986,1.4592322923694608e-19
26285,108,2.4590534228266674e-20,9.551656223465103e-43,3.482603915351363e-05,1.0866117768097628e-07,0.9999636135762846,1.4517233841976102e-06
34347,108,0.00022196450026595153,0.00015689780628655488,1.1877098413463967e-33,0.9996211376934447,2.5115553762048317e-26,2.720827794188732e-15
26290,108,1.4644259211379032e-32,3.035759660865288e-62,0.9702665906445284,3.2758217795223596e-08,0.02942718687180705,0.00030618972544670776
27898,108,9.250134544827093e-43,0.000663814781144911,9.036360380267635e-19,2.0124888509726987e-05,5.852510963196904e-11,0.99931606027182
75306,108,0.9919390148600679,8.09604763203279e-33,1.7728158167830393e-21,0.008058729763581211,2.2553763478298715e-06,3.0176211140132353e-15
5576,108,6.2961744117196515e-49,6.152868825238217e-06,1.988729347305605e-15,2.1435495387444355e-06,2.1448733992329888e-16,0.9999917035816338
28530,108,5.605434468550876e-22,4.981880011503416e-63,0.7938961589287509,3.4048410594897003e-07,0.20605984637660812,4.365421053521024e-05
75536,108,3.679861114362901e-46,5.423196120217966e-33,0.707660050824321,3.655775515068939e-07,1.016024668191631e-05,0.2923294233514457
36144,108,2.3232604831483043e-18,1.3858052250310887e-63,0.9987732057261867,0.0012262521409757026,7.1755755313230185e-12,5.421256619469999e-07
76083,108,0.9915372663462583,4.887330062155307e-36,1.984367458600399e-17,0.008462733651293656,2.4479765442599375e-12,8.21140515614789e-21
27969,108,7.102092071330026e-41,5.283959362209217e-31,0.5326346439133213,2.256858046493234e-05,1.43264927384872e-05,0.4673284610134756
44448,108,1.7510263139407693e-29,0.9728125434106868,8.105691125346205e-27,0.026875253257564204,8.63039257404201e-31,0.00031220333174913255
29521,108,0.9964129550153078,8.594175390455996e-23,2.808183385779514e-33,0.003585428866492917,1.6161181993660522e-06,1.836049006151779e-21
25097,108,3.603530135729852e-52,5.5204579615321356e-09,3.4189126577326037e-10,6.115731166728882e-07,1.3619022372617703e-07,0.9999992463743104
28563,108,0.817514118329298,1.2178562816166379e-08,1.1028580422452243e-48,0.00018129011516289796,0.18230457937697622,3.042990136169522e-18
131209,108,4.692922314842611e-07,6.529291290131167e-05,2.566256050692846e-37,0.9999342377941816,2.345555699741323e-28,6.855311716012144e-13
7363,108,3.1634851644193624e-34,4.5758945861212556e-49,0.9715024240103347,2.7673873221939213e-06,0.0013705991980305177,0.027124209404312823
122878,108,0.7471046139594858,8.44716693082378e-13,1.923365315598057e-24,0.25289538603966943,2.4956871632104063e-24,1.695803609429474e-19
78286,108,5.270082446437327e-24,3.569257171818387e-43,0.9555566689286811,0.044426514358400684,6.726361379340186e-20,1.681671291841112e-05
28499,108,2.5842892087685475e-13,0.9984478489165166,8.385468828255121e-51,2.1180571196588973e-06,0.0015500135903990168,1.9435706434388008e-08
28157,108,6.456879128704348e-07,0.40904353675521626,3.290042506093119e-51,0.5909558083582207,9.19864340556815e-09,6.3197776895274044e-15
28175,108,2.9993140135843595e-17,3.2911868079804237e-06,3.0973052712148966e-37,8.262247138598075e-10,0.9999967028086836,5.178283854511926e-09
18904,108,0.5661153806438687,2.721843126552139e-45,1.8747847378378332e-06,0.4338738360525696,8.908518823173197e-06,5.264311889440944e-16
31986,108,1.359651266965931e-13,9.629073769912915e-05,3.008291059816405e-37,0.9999037092621623,3.5887632478276714e-24,2.74008695007014e-15
47467,108,7.173566743169082e-22,0.9951801947443686,1.2462236268928996e-43,0.00480939654210079,2.064164587926444e-07,1.020229707174821e-05
28529,235,4.097755240622923e-07,1.99836661424022e-10,2.303767020854579e-17,0.9999995899616609,1.2451421488989435e-36,6.297826048670983e-11
28172,235,4.028297450729686e-29,0.9960873594243075,2.882478868057781e-45,0.0039106134354749,2.927841820488275e-12,2.0271372897673463e-06
31044,235,0.9973248025737317,1.6202907959448254e-20,4.690372911324812e-31,0.0026738895504817488,1.3078757864885149e-06,1.729768013426162e-22
28173,235,5.419883792279719e-37,1.1206712634763911e-27,0.9767980048677107,0.0018738828275375293,5.805853119510135e-16,0.021328112304750957
26361,235,1.6124972140366377e-08,0.013701212546076251,4.194867812059255e-29,0.9862976714959879,1.8937808551033175e-23,1.0998329635208095e-06
34373,235,1.106768286502304e-27,7.992840070551431e-57,0.9859947083282747,1.2058093592694197e-06,0.013877426639406972,0.0001266592229588989
36571,235,1.2682062587325064e-44,7.889231105718417e-17,3.3892408636540876e-09,6.520785922728663e-09,0.5771767832900614,0.42282320679991164
5526,235,0.9970112991221761,8.11784548331754e-12,2.7675249797944303e-49,0.0029873947212664233,1.3061484395130543e-06,4.383614240064539e-17
26258,235,4.5126252151176805e-12,1.4937901264129234e-31,8.525605172831257e-13,9.65001182024519e-05,0.9972229024420142,0.0026805974344182885
29078,235,0.9972370754436616,3.010548277652972e-36,2.905636987470289e-17,0.002757369595006779,5.554961331580619e-06,4.0637320306140415e-20
27234,235,0.9881032062654356,6.789531027335446e-14,6.871980360782003e-39,0.011896565007206289,2.287272902996762e-07,4.927020280199399e-18
26345,235,5.20556675583726e-24,2.615487813532442e-61,0.9992745976611579,1.3777350500298705e-05,0.00020661126040379167,0.0005050137279380636
50461,235,5.197287698073843e-29,4.0747631291122037e-10,3.059285847664704e-20,1.583055947832157e-08,0.9998300437314533,0.00016994003051078323
36353,235,0.6884275940593249,1.46694755451443e-07,1.355038374402011e-35,0.31157225924141774,3.028422463401605e-14,4.471941677457213e-12
27904,235,8.316020352775537e-31,0.9917261761044813,7.7910237121688e-45,6.731595738417482e-07,3.0205924252300584e-07,0.00827284867670234
28538,235,1.2080110253623236e-42,9.775825471667152e-10,3.1573949773837485e-16,2.4925201123926123e-09,0.8685362803712889,0.1314637161586079
8295,235,1.1181271224875745e-27,2.974532469578183e-45,0.0221883878722903,1.579342755657374e-07,0.9777965011374373,1.4953055997023886e-05
37916,235,3.7926745482177407e-25,1.2999369721588717e-59,0.9998483708696239,0.0001495552453479211,9.688568488103062e-10,2.072916171280696e-06
31956,235,5.907908439929484e-08,2.1091554423112548e-05,1.1811138552676421e-48,6.567709037233335e-07,0.9999781925236603,7.19283944256101e-11
26351,235,0.9911185662930155,3.2075445847505766e-34,4.1655954171623056e-21,0.008881369082418902,6.462456551972027e-08,4.5786344716749174e-20
37359,235,2.4503452079402996e-10,2.7146998190470338e-21,1.2418328939229044e-10,0.9999999996303359,2.123161261747771e-31,4.462244034923807e-13
43547,235,3.2871727774478818e-24,2.8714465844575843e-67,0.9999143034870328,7.762942169715763e-05,3.0953451405503733e-06,4.971746129417529e-06
28056,235,1.2928188380860555e-13,5.914719021301416e-12,1.8817803751890027e-09,0.9999971255631125,1.4934951864981453e-34,2.8725490630551455e-06
27953,235,2.9564704301962512e-05,1.5694711860875127e-34,0.0003488796503277482,0.9996215556256024,5.824339112407264e-28,1.9767872796767624e-11
30635,235,1.892574750051299e-06,1.2191661623050961e-53,0.003517901090650576,0.003608427027681532,0.9928717791171203,1.8979740280830897e-10
26403,235,1.535783339026784e-20,2.736908289735434e-62,0.9999441785479137,5.145099572032535e-05,3.965471412412077e-06,4.049849536873632e-07
34195,235,2.62550698378457e-13,1.6679905411596283e-14,8.358317479529779e-16,0.9999998904572156,3.0498091568482106e-31,1.0954250434651344e-07
208278,235,1.8766139087789187e-11,0.9996921887857144,6.359365145119062e-70,4.040953679029247e-05,0.00026740151899906216,1.39729974881424e-10
43552,235,7.700071094944851e-32,1.3318315801973194e-43,0.973139247186393,0.0004365613303832515,2.4477173654527547e-14,0.026424191483199386
43477,235,5.247283393246288e-41,1.6908575750010395e-49,0.9921705869012644,6.292828544985488e-06,4.58290503360347e-12,0.007823120265607914
28560,235,4.374956854434864e-21,6.463967967045243e-56,0.9998985581574025,4.4746838135079916e-05,2.5711858818625626e-05,3.0983145643849626e-05
29517,235,4.895851655924805e-07,0.7810564160794912,2.358422023772028e-65,8.383837912429029e-07,0.21894225595052647,1.0254472539850966e-12
28424,235,0.9684408633388896,7.633465775540343e-20,1.5456548011978656e-23,0.03155913666111037,5.160810668226074e-20,2.3024389543491087e-23
26324,235,0.8007177482347544,2.123846773762673e-12,4.735253433716627e-46,0.0005406813248798431,0.19874157043824192,7.289083090032378e-19
28766,235,1.5783933554297296e-31,7.362537871484073e-35,1.0056749804277469e-05,1.5548051230677646e-09,0.9999553697465877,3.457194880276298e-05
32970,235,1.735500773001483e-38,2.0579656396403117e-38,0.9423862957653119,1.2429428688864647e-06,4.122944166868046e-06,0.05760833834765221
57938,235,1.866146249605531e-12,3.475752726841684e-52,0.9878888657393845,0.012111123311998895,1.6379413597285775e-11,1.093037106374108e-08
130976,235,8.352848247291391e-48,6.231338345483464e-08,1.2436259568249836e-09,3.0509629967955186e-06,7.871835200393945e-05,0.99991816712799
26320,235,0.990176021326725,2.7251302514920334e-25,7.175463425740043e-32,0.00023217760629353645,0.009591801066981568,1.9349814423608876e-20
28170,235,6.782214865013896e-52,7.625388737151178e-20,0.0012719167964185354,0.005791945201930359,7.544220424404262e-19,0.9929361380016514
30074,235,1.2348496175576412e-11,3.0264200803910265e-32,2.051542655620959e-09,0.9999999979329675,3.710847084669034e-15,3.1378023377742976e-12
26297,235,5.119436711649835e-22,0.6532310532340961,2.869451806372467e-51,1.0256662262469825e-08,0.3467663914039629,2.5451052787417246e-06
28432,235,6.558578503332805e-20,1.8130149567015487e-48,0.987343028114785,0.012651275993095519,4.190488478333367e-18,5.695892119363737e-06
69030,235,1.9038683012968408e-25,3.451430603401293e-39,4.4437710371908556e-05,1.866770222483534e-06,7.281552672945374e-07,0.9999529673641382
26330,235,6.279797013528452e-30,6.189966298778797e-54,0.9450137663138248,3.378264959011764e-07,4.116660593156048e-05,0.054944729253747715
26329,235,6.402230938105268e-11,0.8776570114709588,3.7595336961713773e-53,0.12234297202219985,4.4485116793416856e-11,1.6398334254212626e-08
28512,235,2.9563797773519775e-25,1.6025533283019074e-39,0.018379256710208652,6.182615971254248e-05,0.9814512239000429,0.00010769323003591557
43317,235,1.849148303688637e-35,1.8050607301188544e-45,0.9988415927316004,0.000898102312540686,2.79392212104835e-10,0.00026030467646653605
45217,235,1.3668283610423388e-18,6.397506370427178e-27,2.7044856550509307e-06,5.22715920844123e-05,0.9998294997918074,0.00011552413045308859
27897,235,1.9624969613061204e-18,2.6358894292870203e-17,7.508872935375694e-07,0.999999229101286,6.271304013049706e-33,2.001142044619743e-08
28512,235,7.179008475177955e-25,1.3935269804684812e-57,0.9643554119895379,7.819560843940013e-06,0.03560895056679212,2.781788282589981e-05
27900,235,1.0033287698659342e-44,3.7634689820659437e-41,0.8749650929718733,7.667356815751051e-08,0.04713253596574982,0.07790229438880857
27891,235,1.3194837550697164e-16,4.878544273972555e-60,0.9967890247899813,0.0002538590077882948,3.9547896545197674e-09,0.0029571122474408114
28825,235,7.796736031278179e-06,9.459181017167657e-07,1.4229083827381522e-46,4.663958382540437e-07,0.9999907909425212,7.507389980613259e-12
29268,235,2.149308261775351e-25,1.3665267150884811e-67,0.9996222411645007,1.9704461617933292e-06,0.00037203352633089474,3.7548630065685417e-06
31445,235,1.592916597685892e-07,0.9997284037997581,6.252474569912724e-57,0.000271434561916945,2.3455950409530536e-09,1.069917803153374e-12
28160,235,1.7130789271923602e-45,2.3500485612159672e-42,0.9173440206641728,1.275534029989549e-07,4.171502978220602e-05,0.08261413675264215
31312,235,1.361128676299151e-25,1.6296400444204124e-68,0.9992073668596407,7.416523838655785e-06,0.000761598078220678,2.3618538299771894e-05
26289,235,0.5843064072799179,3.6813408402746784e-34,1.6763473860062966e-13,0.030832348334962362,0.3848612443849515,9.303384907247211e-18
27955,235,1.0869451562648737e-37,2.208273500879881e-25,4.833736852039124e-07,9.47460480529757e-09,0.4750155250861652,0.5249839820655449
30457,235,2.1950348831817202e-17,0.9996644240914722,2.698789124812083e-48,0.0003248241614584543,5.513571872024313e-07,1.0200389882237113e-05
26312,235,1.5420058048662382e-39,5.91156701691334e-08,2.89137462403962e-08,0.0037376339251841725,9.501808945980566e-06,0.9962527762364534
132486,235,2.4097750770001046e-32,0.9580196390249418,7.111869285182601e-30,0.0002011296120271271,1.6791273117011528e-14,0.04177923136301438
26341,235,0.5788798767734692,1.2634687151416348e-24,5.50818248060247e-21,0.42112012322629827,2.2767707870922657e-13,4.9309512482354175e-15
75306,235,2.374382015828208e-12,2.5149500962345354e-25,5.373044704055207e-16,0.9999999965141124,2.4757843494115666e-13,3.4832650614102966e-09
27959,235,5.974389055533733e-14,0.970156320081992,1.3147903175079135e-46,0.029843678605827657,2.023376170069951e-24,1.3121205653199056e-09
28423,235,1.5219897668103026e-22,1.1762141196353157e-45,6.378539185038291e-05,3.195877892029772e-08,0.9944843498987657,0.0054518327506049525
27153,235,4.632126084818249e-23,1.0988436867393533e-30,1.5790911488166324e-10,6.768557918932046e-08,0.9500716882803808,0.049928243876131075
34347,235,1.9558777535595226e-05,0.970118169327773,5.0068008029888706e-70,0.02986227189455173,1.678759171500435e-14,1.23057037670206e-13
30726,235,6.20800978193896e-19,4.609899116265329e-51,0.30097478816878687,1.7900170832328455e-05,0.6990072867505039,2.490987703046193e-08
29413,235,5.297808480054473e-27,0.9998682383042027,2.0528847301374245e-43,6.976181298628982e-05,7.644909370034259e-11,6.199980636212808e-05
28419,235,1.2785728988984664e-26,6.7572805311622234e-21,8.736776957032494e-10,0.0002556672524247457,0.00042105547265468995,0.9993232764012423
51582,235,0.986423423625597,1.5234711364165817e-05,1.4601857974751993e-58,0.013561339480927028,2.1821120157025386e-09,6.228236748436124e-17
34262,235,2.9892648697303325e-15,0.9931339326615788,3.129898316586596e-56,6.643251425719922e-07,0.006865390032722102,1.2980553398299777e-08
75536,235,1.9648564021123035e-39,2.071018806472399e-49,0.9874213105628374,1.584044609202768e-07,0.0010066706454874548,0.01157186038721425
99579,235,0.9851301918643746,1.0233837741877571e-31,9.414635397052644e-20,0.01486980813558141,4.406299442630532e-14,3.835833218241868e-21
29265,235,0.9883864449233252,9.433507345096984e-24,6.004347928734939e-28,0.011613555073808152,2.8666916408891875e-12,1.1245786197569734e-22
28433,235,0.8496966491734563,9.414529873681377e-40,1.8834830950038088e-13,0.023305488960480094,0.1269978618649774,8.97821792320788e-13
27888,235,0.9875197637159207,2.255666933209595e-27,1.8777539578468795e-21,0.012480236284079368,7.751832016554577e-17,5.875603999176274e-22
276099,235,0.9953795743173786,4.133821613696613e-42,1.0250531012153216e-14,0.004620425110669858,5.719413080507183e-10,4.4453048572724237e-20
43622,235,0.992331761950898,1.7234566405202486e-34,8.394523962964689e-20,0.0076682374397459875,6.093557643040419e-10,4.3137471495706903e-20
107044,235,1.8454211685393682e-56,3.0244434417841413e-07,2.417394398340794e-14,1.809878560528927e-05,1.850844415861978e-20,0.9999815987700263
30701,235,0.918768057377303,1.8815287725015727e-31,8.578810141010494e-15,0.08123194262268832,8.983751816914102e-20,9.679498293041383e-17
32730,235,4.79990703173459e-29,1.5538337869512184e-58,0.9995181699529668,1.936429464965789e-05,6.263879367024501e-12,0.0004624657461194444
32979,235,1.6376080248197753e-07,1.9170978916806435e-33,3.631089393975097e-10,0.9999998358760677,7.758028677693982e-18,2.089122045106108e-14
30500,235,1.1856223827950165e-47,1.288856847818955e-14,7.75201776759021e-11,4.0937670359048915e-09,0.12445557516227486,0.8755444206664251
43555,235,5.283385589360806e-08,0.9905384029570006,4.561667299714935e-61,0.0008042484863156907,0.00865729309884032,2.6239875577547486e-09
43330,235,0.840266704713834,8.179610953181257e-13,6.212798761148344e-46,6.0721840670714245e-05,0.15967257344467736,8.051369392934419e-19
26375,235,6.2350695118629844e-30,0.9977465061919693,5.155032048068591e-47,1.6060957563541462e-05,1.221164386768027e-09,0.0022374316293026467
33097,235,8.020122700781217e-42,2.190577328787969e-33,0.9496454568169513,0.00012100790887287896,7.074797602162547e-16,0.0502335352741753
130977,235,1.42544982185016e-29,8.845940755742676e-49,0.05692805817081751,3.348692295073986e-08,0.9428658639085825,0.0002060444336770721
26278,235,0.985869084641436,2.257892238536191e-32,2.6548399028869533e-16,0.014130915358550824,1.2903226214057817e-14,8.164126372623814e-21
220794,235,0.5993135650150972,3.4331895009550147e-08,4.5310859222497774e-41,0.40068640065300765,1.656567979093125e-17,4.856662499375063e-22
28562,235,2.1599212347022716e-06,3.5332072859720906e-46,8.954360023902482e-05,0.013461503452920272,0.9863151081957613,0.00013168482984460294
26362,235,0.0013547455378591243,1.971639236985558e-25,4.668450131634784e-10,0.998645253995252,1.1937343107180633e-29,4.421081992601041e-14
26315,235,2.466070144616718e-21,1.5539628165865075e-57,0.9996951017440985,0.0001951740684072239,0.00010966971041773679,5.44770768270755e-08
377507,235,7.211772931430592e-27,5.289066792128924e-67,0.9917946767133566,8.198300827369637e-07,0.008154351857364319,5.0151599196437843e-05
29517,235,4.961972974191008e-08,0.041482935027377744,1.314137082721627e-56,2.579918675252572e-07,0.9585167573584221,2.6029457604841385e-12
136926,235,1.0635360369657783e-21,2.266655636115299e-70,0.9999151142176291,3.2956662931212096e-05,8.860550808962119e-06,4.3068568630627646e-05
41777,235,1.357956978208131e-43,4.654936002728728e-49,0.9546026515084264,7.602262657061932e-08,4.634656208240029e-07,0.04539680900332616
28558,235,3.341222602388879e-23,0.978519682543089,6.370364577348249e-48,2.4616197273693707e-07,0.021478903471552225,1.1678233862271319e-06
28516,235,0.9835006030676051,2.7850657332554928e-34,1.185688399231761e-16,0.016499396932394224,3.4290727150609875e-16,2.147481817428598e-21
275441,235,4.6705114377031485e-21,0.9988394771785503,1.371503847828417e-43,0.001158953792194492,5.869155303746912e-15,1.5690292495185678e-06
28530,235,1.5097829129261725e-40,4.956753319855466e-37,0.003374191463487042,1.1712303340823672e-09,0.08775329647432129,0.9088725108909613
5556,235,5.7783026914214e-36,1.5692878688182364e-20,2.7513026612713748e-12,2.75299410464793e-10,0.9980928337011364,0.0019071660208126572
6357,235,0.00016076722399295006,1.6926599823131133e-07,1.5198177151651005e-43,0.9998375613628949,1.5021301083608809e-06,1.700562054871021e-11
26385,235,9.061752767494978e-11,0.990587747457869,4.9552808494380263e-54,0.00941209017224103,1.0849520458683641e-13,1.6227916392759023e-07
43554,235,5.917367256822395e-51,6.3827493493045104e-12,5.411135734170616e-09,8.298636612687413e-08,1.1064846715800142e-06,0.9999988051114439
28524,235,3.7242741039270785e-12,0.044322874069109855,4.759024318856616e-52,1.1894505788156965e-08,0.9556771136665427,3.66117412957612e-10
31462,235,0.9922148298673533,4.779766659372376e-31,7.081538297484072e-20,0.007785170132637835,8.736180058808127e-15,2.143377927013426e-22
24124,235,5.959756490131633e-07,0.3820014267189331,8.787213969730246e-63,3.6858231986614493e-06,0.6179942912260742,2.5614504987238983e-10
30945,235,1.3075395507767985e-17,8.635386847542591e-69,0.9783478165698789,4.652015997407148e-06,0.021647448402204488,8.301191927246783e-08
184501,235,7.825294645040726e-05,3.7496201369351805e-05,2.6987160349498228e-25,0.9998809129716678,4.32104775196134e-12,3.337876191127797e-06
45016,235,1.1034097686664896e-32,2.682030659162835e-20,1.4600790988627156e-11,5.569286217304632e-09,0.9995229985589963,0.0004769958571166182
28517,235,2.2726657464826876e-23,0.9999693642883712,1.1653540464739354e-47,3.028512684424883e-05,3.2471952664700534e-13,3.5058445991889584e-07
34730,235,9.25080358807107e-37,1.7949376695822776e-52,0.9955682954422983,9.269766653129347e-07,6.133871639892101e-05,0.00436943886463746
26386,235,1.066393402493751e-10,0.9999483239760394,1.141532134312667e-56,5.1347942148376366e-05,2.3415829034740727e-07,9.381688255346776e-08
28540,235,3.671955231972247e-19,1.404331073211476e-54,0.33700315250849083,4.59383230152866e-06,0.6629921044251086,1.4923409923526786e-07
27948,235,0.521020732738076,3.5113698146866753e-10,1.9948455786778035e-32,0.47897926691078707,1.0731949942515066e-23,7.407644395846616e-20
5576,235,9.09161641109001e-55,1.6695769107731263e-18,8.247161308542826e-06,7.869950346292524e-07,3.1223244772720245e-08,0.9999909346204122
37591,235,0.9824418466438157,2.15944684949792e-24,6.969688893092262e-29,0.01755815334895466,7.2295533202746156e-12,2.0926921689329746e-20
32728,235,5.58632346568019e-15,3.379102129489251e-46,0.9991519440591634,0.00042898264446123075,0.00013765785814134828,0.00028141543822831727
26354,235,6.473114164920741e-24,1.4477811928616567e-59,0.9999594648284733,3.63857112995286e-05,3.320734147605794e-06,8.287260797132307e-07
28510,235,2.1554976928110636e-39,3.3549853569949936e-40,0.0670223598539834,9.20413581923646e-09,0.43781856206512104,0.49515906887675964
28417,235,5.481978078787746e-07,4.453438375257607e-35,0.0002384108954232003,0.9997610408997158,5.174105510086742e-21,7.0527949770813604e-12
33126,235,1.441402095914711e-17,1.9953544877962272e-32,2.015897184876674e-06,0.9999979758803594,7.708853456972832e-24,8.222455779766117e-09
34990,235,4.054581728612595e-37,4.183167551470798e-37,0.962632994813136,7.80947591314367e-06,1.3329791896959938e-08,0.037359182381158866
77115,235,5.1097161190514944e-09,1.797355157319954e-60,0.9862128258719041,0.01378716564155528,8.48906419145272e-14,3.376739547495087e-09
130977,235,1.2017533821492792e-26,2.354336784056107e-17,2.1638141305755433e-16,1.2587118618412535e-05,0.09818125749561724,0.9018061553857643
28556,235,3.688734325800502e-15,1.7451091575060648e-34,4.736659727263721e-09,1.767703339204769e-06,0.9997514047883501,0.0002468227716472658
26342,235,1.2904099683982206e-05,3.5999107155938475e-58,0.7720527533537973,0.22793433518141468,6.9388955803218536e-12,7.3581648562731095e-09
29521,235,0.991579351091105,1.6013440536315167e-22,3.5543767121136635e-34,0.008420524764008295,1.2414488684479378e-07,1.4317113383045407e-21
26774,235,0.9485480258133312,2.851382762039086e-27,1.1997216851365913e-19,0.05145197418666881,5.505613272341652e-21,7.79934922267005e-18
28563,235,0.013871992887614159,8.092180844814277e-06,2.043517515656112e-52,0.00015236792714379098,0.985967546940934,6.346339763999344e-11
4324,235,1.8720321375151466e-20,0.00020948419583906717,8.090589745333783e-39,1.0390966885343383e-09,0.9997892148791937,1.299885870690342e-06
131209,235,0.8958683423125955,4.22514433399168e-07,4.8272439567421946e-45,0.10413123517287934,3.539284409221949e-15,8.835856047419047e-14
25097,235,1.79988652721459e-55,2.3174396438556426e-06,3.968145284900214e-14,1.0427099640521555e-07,1.2878068667183387e-05,0.9999847002206528
131246,235,9.220941695599714e-47,1.099994221866914e-07,1.4799236910458048e-14,2.0139889114805531e-07,9.55875565521648e-06,0.9999901298460167
6715,235,0.16216143261501523,3.6288483425808994e-19,3.1381156063272013e-28,0.8378385673849846,1.2458287970290682e-16,2.65514859789764e-18
35032,235,3.908195865817838e-12,0.9982098357007809,7.327542697817319e-65,0.001790144529632566,1.549094435918917e-08,4.274733757438183e-09
28499,235,3.648213518385998e-34,0.9904989455224765,1.6870229520666404e-31,4.279939414328463e-05,4.605537875505257e-09,0.009458250477841944
27775,235,1.0310217839634774e-34,7.235657887161986e-32,0.0002515566648483382,3.9689992185140436e-08,0.9997387451318788,9.658513280669329e-06
18904,235,0.9910152812168034,9.026851784762207e-41,9.449933588613606e-17,0.002508220143373838,0.006476498639820362,2.5155365842944172e-15
25203,235,0.0036563596177838042,0.9927424054113397,9.158455366975706e-67,0.00029678087115860095,0.0033044540828284772,1.6889226276642638e-11
30572,235,0.0016751008243780282,1.2006092735594799e-20,2.778387129764846e-16,0.9983248991018733,3.490806752687133e-19,7.374819348075814e-11
28175,235,1.5632909887985755e-18,0.006349186255712628,1.2193582494766612e-42,5.0852721375462534e-08,0.9936507605010441,2.3905219215809035e-09
47467,235,1.953932512227911e-08,0.0010393882483892727,4.667748371902731e-50,0.00017150367058116865,0.9987890534526543,3.5089050149647415e-08
28529,281,5.499135633528578e-07,7.998242338863216e-38,0.0010236037897496072,0.9989758459684643,3.0919037421347244e-24,3.282227559945851e-10
29547,281,1.3984109965446586e-42,1.1618061022100177e-43,0.9711618635775616,9.90284649610969e-06,5.704162463917944e-13,0.028828233575371807
31044,281,0.7130029198737363,1.026090415624376e-15,1.520275491561116e-27,0.2862797367150992,0.0007173434111626041,9.781115954379059e-16
36571,281,4.2996846169534136e-35,9.450899975127734e-31,0.0003283233993633193,6.591406940791881e-07,7.798355992115262e-05,0.9995930339000215
45685,281,5.980812573934517e-19,0.9999850370444443,8.001452575981198e-60,1.1512779172908629e-05,3.42470283593712e-06,2.5473547017645842e-08
5526,281,0.5060252833715982,1.9161795278047673e-15,1.9588043474652633e-34,0.4939747100699621,6.558369794829393e-09,6.807925303729688e-14
27234,281,0.9922374112899756,2.1755888164828774e-14,2.492379584457513e-41,0.007742063456063808,2.052525393655024e-05,2.2992847689923656e-15
26258,281,2.9513208114880685e-34,3.77147812602e-08,1.547881067343083e-20,4.6550447571177785e-08,0.9024601155778075,0.09753980015696383
29078,281,0.9018577762896948,3.286394706001404e-09,2.6750340258997205e-47,0.0981422204238834,2.721276932171693e-14,2.7044171015631855e-23
26345,281,6.035279907011252e-22,1.139931554074111e-38,1.272921615077084e-06,7.522088187904145e-07,0.00021355810707311798,0.9997844167624929
130953,281,7.980347039756482e-16,0.9983390069939396,2.413304354947976e-50,4.920297294696827e-05,0.0016114861810815186,3.038520309618517e-07
27232,281,0.565557598562893,1.4045917970401398e-24,1.2582968507707415e-12,0.4344424014358477,6.596127192450141e-27,9.329962498459383e-16
48747,281,1.2725541788615287e-19,0.9995337618444932,6.652271859365625e-58,0.00046622752550406907,1.913148607154045e-19,1.0630002633206194e-08
60138,281,0.9985493510401741,0.0007914244012978613,7.106227923797273e-67,0.0005986625739593019,6.056198456878456e-05,7.085806747829221e-19
28532,281,2.1400142476985656e-35,0.9904636240812497,1.0141944180231838e-37,7.971323548317616e-05,3.502084713392621e-11,0.00945666264824643
50461,281,5.02253601524904e-36,4.38539616173203e-13,1.142131475237459e-18,8.288602760927606e-11,0.9971580122514612,0.00284198766521429
37362,281,1.148947779480802e-31,1.590809769201972e-20,4.2067633823793486e-13,2.499523485283996e-09,0.9887563255383238,0.01124367196173201
27904,281,2.846772359746498e-20,0.9999795724095756,5.521053729945117e-56,7.177799317986126e-06,1.9024495459848207e-09,1.3247888656998721e-05
31750,281,8.697334591135494e-40,3.463120729666327e-11,1.0129846106448609e-16,1.5001208990937046e-09,0.8118380742000563,0.1881619242651915
36342,281,5.954309917747804e-18,0.9973894173519082,4.298667373503518e-42,1.3431187350615879e-05,0.0025968458571144428,3.056036265193681e-07
37916,281,9.054244477363007e-23,6.752628692884808e-64,0.9997925628820565,0.0002069644899634677,1.2520256343813853e-07,3.474254167783805e-07
35492,281,1.133979286114231e-35,0.7001603682750631,8.317809147941208e-34,1.9278126258008904e-05,6.8828329985028064e-09,0.29982034671584595
28538,281,1.3970858164853145e-33,0.0829165978713478,2.3734718714078455e-33,6.411286861546553e-08,0.031160845876939375,0.8859224921388443
31931,281,1.635616443978032e-14,3.933049767191467e-07,1.665785081743202e-38,9.620743088312332e-10,0.9999996057218645,1.1068072018050306e-11
36353,281,0.729067227558499,3.189083193974447e-06,7.183981481352319e-37,0.27092958335808315,1.940898569855418e-15,2.2190975960008557e-13
31956,281,1.00909422944431e-12,0.005790235122906922,3.447543884384006e-52,7.33186183649129e-08,0.994209643500951,4.8056514643543475e-08
26351,281,0.996345987503019,1.1484545277800703e-18,1.3134716776875178e-32,0.00365400893108587,3.565894972556085e-09,1.4127603204226597e-19
28804,281,3.7445646147204703e-19,3.3281380715945066e-41,0.9616305839698086,0.035961449741345,2.834725025600948e-20,0.0024079662888465275
30701,281,2.0251935972415414e-10,1.5990549191288245e-11,1.524084494581562e-17,0.999999999767144,3.97899958110225e-36,1.4346026225237803e-11
75306,281,0.7272927258006646,5.671986864671716e-16,8.553863662432435e-38,0.27270722655510393,4.764423075192551e-08,4.4201323018416e-19
31312,281,7.009526848226662e-39,7.5510344668230345e-25,0.5433855095430526,0.08203891216765026,1.1120924430612003e-18,0.37457557828929744
28424,281,0.00164298129390716,0.0001713963957698431,9.403558417190125e-47,0.9981856223103204,9.12262757315504e-23,2.5635205533150674e-15
29516,281,9.963900091291985e-16,4.5640691871039184e-48,0.9417377656731653,0.058262215187563415,1.219835271476834e-15,1.9139268961301162e-08
28560,281,1.541216979197256e-28,2.752883019990787e-65,0.9913128132456924,5.067023147840903e-06,1.118585975757128e-06,0.008681001145184017
208278,281,3.490367598948037e-18,0.9591110428919226,1.0874449144916591e-57,1.562209332639239e-07,0.040888791834214976,9.052929319183568e-09
30635,281,2.0445963698092396e-53,2.729086739848193e-32,0.04071191817655877,5.316708848952806e-07,1.4659215795602237e-11,0.9592875501378973
43477,281,5.863255344010725e-39,8.944960392907383e-54,0.9776986101463209,2.3404038335331398e-08,0.0021916676944156834,0.02010969875522514
31445,281,9.56625568962291e-23,0.9378221354945758,1.020438148281216e-36,0.062177707692451276,1.6687387909049636e-33,1.568129728618045e-07
28802,281,3.6979911461348205e-24,0.9997883669287705,6.203522057851859e-57,2.8455048784439064e-07,0.00014074144620560626,7.06070745361359e-05
28419,281,3.229053034155434e-33,4.6034151317109936e-23,6.021394804961655e-10,2.169380789960789e-08,0.5850683833565937,0.41493159434745897
275687,281,0.7437567403902614,0.002527156714311632,2.5118741367115326e-42,0.23867795012788573,0.015038140735155935,1.203238533932196e-08
275842,281,1.336095207435164e-31,2.397066743042239e-52,0.9987750592499045,1.2607662720435873e-05,3.0444483473210254e-07,0.001212028642540275
51031,281,1.224960939482859e-53,1.9887790097786688e-26,0.7788750809347053,8.292042532705684e-05,9.208983247010154e-17,0.2210419986399675
30726,281,1.0329805015595372e-20,1.710516664432e-38,1.6830062083015872e-07,9.789363413006137e-09,0.9999990231999082,7.987101075879389e-07
34347,281,2.1550907987691837e-16,0.9911426080736447,2.2080152480350165e-47,0.00885730052779032,1.2724887086561852e-24,9.139856470927689e-08
75131,281,1.4012548087375756e-11,2.081284927588368e-65,0.9994552903481415,0.0005446028720546523,6.8586494732563015e-09,9.9907141878624e-08
28766,281,6.34181291835178e-37,6.879507244442053e-24,2.6768994156184814e-09,6.427475983956572e-10,0.9997007789011714,0.00029921777918149857
69030,281,3.6018856516876147e-32,1.058741022421839e-53,0.6834282396934608,4.6161668486977744e-08,0.005633544425174776,0.3109381697196959
28521,281,1.6417609953210145e-10,0.958024539162894,3.4680004241858463e-65,0.041975460669387704,1.7541854162286587e-17,3.542179569886581e-12
26320,281,0.9703521201781519,2.344281448309783e-34,4.274145682239268e-19,0.02964733645551888,5.433663293712355e-07,3.925459927957544e-20
32916,281,9.51973633210555e-10,2.5598139963543642e-31,6.10583094131635e-11,0.9999999989863766,1.436222564305388e-13,4.4793459589285804e-13
43622,281,0.9968432122313918,7.36963520687479e-29,3.219496012287742e-26,0.003064846353816508,9.194141479156783e-05,3.6424548120015044e-19
28423,281,1.5588387833747487e-11,1.7659259180029911e-53,0.002708752806394034,0.00022184808501077676,0.9966375437385613,0.000431855354445631
276099,281,0.9836906119967264,1.3227897985608743e-47,1.0858698487049946e-09,0.01630938666637903,2.510245967011016e-10,9.736556357476377e-17
27900,281,3.629180081450308e-33,9.109841310620028e-17,8.490150207692994e-15,7.685930384062544e-09,0.7918892453068067,0.20811074700725438
34349,281,4.870775900584918e-20,0.9910272015293407,2.954266678588683e-35,0.008972254574796255,1.6410127090590797e-23,5.438958630166613e-07
107044,281,7.594305393181351e-45,3.311888492640183e-06,3.759341478448227e-20,1.0604839572129932e-07,1.5839156722107877e-11,0.9999965820472726
27897,281,2.416981547381235e-18,1.6559198505520592e-12,2.717691736539018e-13,0.999999996519811,6.148364321268586e-35,3.478261165775632e-09
29265,281,0.9783771978730991,2.149945653499758e-17,4.9119115317292645e-30,0.021622802126741246,1.5968530650544264e-13,2.3212759400943193e-21
99579,281,0.9601079903813072,3.077171513169257e-43,9.777079098549104e-10,0.03989200864097376,1.0883172391691051e-14,1.760488967611492e-16
37591,281,0.010810245898453736,1.1989438546212577e-13,2.616278480639256e-25,0.9891897541014256,1.3347445141174272e-22,5.96997284437682e-16
412577,281,1.181311719665125e-19,8.184941781918214e-35,0.9800428962761815,0.017803854452857572,5.135260196719112e-20,0.002153249270961137
30945,281,2.1196569424445346e-27,2.5962479001018996e-66,0.9999568263208715,4.114302163838939e-06,7.79963567161202e-06,3.125974129315498e-05
75536,281,2.8210283623945933e-18,1.2557069301950403e-64,0.999791587426474,0.00020077084974506323,2.9392721066848083e-08,7.612331059739849e-06
31312,281,2.7747415891338014e-25,1.8907194252964265e-54,0.9997235720171552,0.0002739587988383335,4.938545674916616e-07,1.9753294388689332e-06
220794,281,0.9731399144157169,3.351837688811705e-05,9.035037331382382e-47,0.02682656720739399,1.1706954769402082e-15,3.1371382362990977e-21
30726,281,9.901706895806508e-26,1.2363404326997403e-59,0.9982758325674926,8.71604223354057e-06,0.001715191465925071,2.59924348849887e-07
26315,281,3.2793062785808483e-19,8.260174427299655e-44,8.476441855791022e-05,1.9676666451797862e-07,0.9999150357291051,3.0856723846216554e-09
34261,281,9.134264253913413e-28,6.891107200569694e-61,0.9980649307492532,6.184085527694598e-07,0.001877359486524368,5.7091355669914086e-05
377507,281,2.1798096473450084e-15,9.451063616490286e-68,0.9995372650852644,0.0004620793257787026,2.32577409679065e-09,6.532631806231972e-07
183000,281,0.6870922639517071,2.9259330027785517e-25,5.918478056548142e-17,0.31290773602958916,1.7737049048721186e-17,1.8703719733252967e-11
275441,281,1.4454474544364606e-07,0.6661538261660734,1.4171158005419923e-34,0.33384602535031493,2.039970315951002e-13,3.938662405351282e-09
26350,281,1.8484439798918355e-24,1.0087544758642753e-37,0.9988252466551779,0.0004738723072514919,1.4953360943310058e-11,0.0007008810226173431
6357,281,0.9961807847652839,1.8059230941879884e-18,1.6837194137856974e-38,0.0035088622696049015,0.00031035296511115984,3.68433719985863e-18
43557,281,8.073890581660511e-05,9.325355116297912e-35,0.00021321049507001222,0.9997060505981719,1.592054237578872e-23,9.417318591308182e-13
28530,281,1.2105406589902506e-13,2.598492568680998e-64,0.9995934045236895,8.473673265151653e-05,0.0003069082303707412,1.495051316719702e-05
33097,281,1.0913225893128197e-45,1.8963110651070033e-27,0.08625761584113681,1.2926043825044786e-05,4.76833761425965e-20,0.9137294581150381
5556,281,2.610599739089953e-21,6.939028662592687e-20,9.005622970883762e-17,6.463355192640308e-08,0.9999665525638927,3.338280255515574e-05
30500,281,4.6399241680040576e-48,9.591962761078025e-11,5.965569573896589e-14,9.940785570982993e-09,7.319744366725926e-05,0.9999267925195678
5576,281,1.0210186385056558e-49,2.888437028136755e-06,2.733823353147967e-16,7.223608347291801e-07,3.0152193662675766e-17,0.9999963892021367
32267,281,6.379592399843165e-28,0.9998288897859824,6.067070785632843e-50,0.00010369347911853042,7.950533164209863e-16,6.741673489816087e-05
27896,281,6.1338777057288804e-55,1.5870707181600006e-16,1.1293835320024212e-07,3.920816548762679e-08,1.3272455482702476e-09,0.9999998465262359
28540,281,4.002064670749377e-25,1.27410063620572e-65,0.9994997573662187,3.3109908469536085e-06,0.000493131455358689,3.8001875758628314e-06
27948,281,0.010467535754496477,2.554816911131917e-38,8.16178933797583e-06,0.9895243024561601,6.180013758997333e-20,5.3770959081208786e-15
43554,281,1.0228577342976541e-49,2.7774004129715006e-15,6.392665256861384e-07,7.526650406438832e-08,4.3546130469557825e-05,0.9999557393364978
43327,281,4.4603107542278693e-17,2.1326936652128223e-08,1.0996853559372252e-21,0.0009996545597752086,0.9981299771214657,0.0008703469918218662
28510,281,2.914863090382579e-27,1.0142915660134917e-40,0.00038762249441981017,4.3433521253924384e-08,0.03302336275604999,0.9665889713160091
24124,281,0.9333790492137405,7.41247961892992e-06,1.0387562873014008e-60,0.00015898891528487924,0.06645454939135577,6.994358154962332e-18
26386,281,1.5568929901169034e-13,0.9991064415200351,2.983134934858155e-58,1.6142385081052285e-06,0.0008831067315183615,8.837509782713532e-06
77115,281,6.028834132827719e-25,1.3975142859523896e-56,0.9997964137065531,0.00019644426165816605,1.7936618014738617e-09,7.140238126896951e-06
36168,281,1.8127178948241065e-22,1.901655095331365e-51,0.9982103156008003,5.047979613638855e-05,0.00015370762313706256,0.0015854969799262292
26378,281,3.093970682314352e-28,0.0002945495510298715,1.5378023574636234e-33,2.7233896695994684e-09,0.9995552037029698,0.0001502440226105682
32730,281,1.5428953636675227e-26,2.720390420395355e-61,0.9996803386214741,4.041875254383451e-06,1.5668446789548697e-08,0.0003156038348248377
31462,281,0.9817991273989486,1.4058322251951195e-27,2.160653729290604e-25,0.018200872578093694,2.2957784568385546e-11,5.8532305009772605e-19
362325,281,5.230789553720013e-16,0.033084660069415635,8.31965279342651e-28,0.9663889054633388,8.709736568229022e-26,0.0005264344672447198
198802,281,0.9795222231667204,2.1544930261321812e-19,2.4922572944102285e-29,0.020477776833278862,7.284595370472958e-16,3.0422381379602414e-17
52291,281,3.3264435718741053e-40,1.666704429810745e-52,0.973435618815948,3.795687841820975e-08,0.007853796975454814,0.018710546251718918
43555,281,3.089649831470128e-22,0.9998483793960061,7.377754938554158e-54,0.00014478201124534058,4.0965419490109505e-06,2.7420507994599244e-06
47213,281,7.235320949058997e-36,1.1907084849655492e-29,1.9735037570372857e-07,1.6745622972529238e-08,4.007414704954411e-05,0.9999597117569516
28562,281,2.859184241554875e-12,4.712847112474801e-31,3.5358002995778895e-15,7.550109015060496e-07,0.9998153169666603,0.00018392801957538776
44984,281,2.343335778944185e-21,1.804924984030895e-12,2.5505781114491057e-12,0.9999998036471098,2.5883535881410806e-36,1.9634853492047633e-07
30457,281,8.157032219205481e-17,0.9988173496248711,1.189862118727683e-54,0.0011821322603311109,5.539159971475072e-11,5.180594063927583e-07
15872,281,0.000805006569700249,2.243510505010182e-05,1.516351791603127e-47,0.9991725399176752,1.8382810231445604e-08,2.476446678212964e-11
28517,281,3.5254777616241544e-29,0.9999064135342627,4.488508679047095e-53,1.1351914699667912e-05,8.251386617166744e-12,8.223454278654676e-05
26341,281,0.9917357691515939,1.8955529513414496e-26,1.8758233494624403e-26,0.008264230675295898,1.7311024593741157e-10,7.394324828788379e-18
399870,281,4.017375441940082e-50,5.223482001698412e-06,2.4506095433058233e-14,2.5232573346440064e-06,4.235296848699203e-11,0.9999922532182861
51582,281,1.3233590013935961e-07,0.9980759636101414,4.47773029767275e-75,0.0019238915763213325,1.2476262862974484e-08,1.3741797239858165e-12
226626,281,1.9647824980907446e-32,1.8621971474282558e-20,1.837344278499019e-07,0.004272336522106635,2.986133189886037e-14,0.9957274797434355
26289,281,0.0015648740493206695,2.1383028317412643e-09,7.515088467305276e-46,5.330815908445159e-05,0.9983818156477311,5.560935520805457e-12
28160,281,6.917425441663915e-36,7.692076213760744e-14,1.3040229753161445e-14,9.00483452223916e-08,3.916406004297511e-10,0.9999999095599242
130977,281,2.439172059342883e-34,6.126484358210564e-11,1.1265669393956642e-21,2.828466555555748e-08,0.004348958929839611,0.9956510127242301
26329,281,2.4773501886401804e-10,0.9985818346365386,1.8169508350907178e-57,0.001418164339299095,1.1765155928287943e-14,7.764155907932952e-10
34730,281,2.5662806324635136e-19,1.024050495844682e-48,0.9471395942021913,0.00026647212522020353,6.210411766014131e-07,0.05259331263141206
27959,281,2.6527742517227857e-28,0.998164810761524,2.2769979766657685e-44,0.0018334674239002195,4.960786888338253e-27,1.7218145758285448e-06
276099,281,2.0475794943548222e-25,3.635805878921558e-20,4.4650859873483305e-10,0.9999999845000574,2.953573911322137e-25,1.5053434092929383e-08
28208,281,0.9919224967971961,1.673804575411356e-35,4.869726701291212e-18,0.008077453567830371,4.9634973468046414e-08,1.3566341040717186e-19
184501,281,9.543928915532442e-38,2.1183238876938365e-09,4.322936255551723e-12,1.2411986659780704e-05,5.762080317821588e-08,0.9999875282698902
45016,281,4.146223161105892e-34,3.797026850319138e-46,0.9913603023785047,6.627812904565776e-06,0.001235758799493284,0.007397311009097522
32979,281,2.0690467345253844e-06,0.002916228324465916,3.946024574126005e-43,0.9970817026287992,8.841879352097869e-28,1.1698665728104573e-16
28562,281,9.117573583373788e-20,5.661606776329081e-62,0.5909253773875426,2.4295781152070618e-06,0.40889457712073085,0.00017761591361136814
330534,281,1.7673841198635e-36,1.8018921278143595e-34,0.9939933581123512,0.0002496431818910712,7.513029994866061e-13,0.005756998705006325
182089,281,1.0145554259042042e-14,0.9929879200236943,2.7978589042502544e-41,0.007009260616798061,1.9493708554610653e-14,2.819359478249325e-06
274998,281,4.580988651483665e-13,7.147468107307637e-23,2.1873669845435469e-16,0.9998407238461685,0.000159025308396619,2.5084497671599503e-07
26278,281,0.9817145941923716,7.719125535664132e-36,9.197607505784376e-14,0.01828540580753251,3.894688288213403e-15,3.858992284775792e-20
27955,281,6.387737947886141e-35,2.0925416753541352e-29,1.7072831453575418e-05,6.618513567099513e-08,0.07604934698125021,0.9239335140021605
47213,281,2.2486132253466114e-24,2.1664191773518542e-61,0.9995675666090457,6.234345963305126e-05,3.1247246283174026e-13,0.00037008993100872426
328562,281,1.0015454265308391e-29,2.5163061074771072e-17,9.014083431797511e-13,2.9339698808814604e-06,5.334908826536895e-05,0.999943716940952
57938,281,2.9642659701163465e-22,1.2268013676589056e-65,0.9999265079869575,5.501506816762967e-05,1.825935745172121e-05,2.1758742334673127e-07
181730,281,5.658612010497299e-06,2.876099565983651e-19,2.970788040905902e-11,0.9999943413473017,6.121580275842969e-35,1.0979778880661114e-11
5563,281,0.0011633721855547272,9.728038070295003e-16,8.653661418874105e-31,3.474244382336464e-06,0.998833153570062,5.343577761729005e-17
298594,281,1.5835316891983843e-23,6.51573752476191e-26,3.562024586966269e-10,1.1845082936432185e-07,0.9845849788893442,0.015414902303623914
30635,281,6.017601537733299e-13,8.622361658677534e-54,0.998486207509546,0.001256955141886631,0.0002568244454610068,1.2902504584069693e-08
399978,281,3.9283785847453997e-22,7.920430305440165e-46,0.989213402239631,0.010783749098338995,1.4443462789333133e-10,2.8485175953459307e-06
26324,281,0.00013728002464214438,1.1742466268196324e-09,2.2612994853693477e-41,0.9914517738135429,0.008410944987531047,3.715398339001549e-14
274865,281,1.0190347351010676e-49,1.463532066244987e-16,7.984873691629114e-05,0.00014108836953193314,6.9504044901611325e-28,0.9997790628935516
26312,281,5.4621800127414723e-48,1.435513142503387e-42,0.9480739139592248,1.3755129063713318e-08,0.029626521847489703,0.02229955043815646
48924,281,2.8381387384466446e-58,8.879850825266933e-09,4.716838447205958e-10,1.130689088641058e-05,1.464205221898829e-23,0.999988683757579
27153,281,4.816435320865652e-25,1.7165188119516243e-29,2.874208552269203e-10,2.09052976507854e-08,0.9594807560271557,0.0405192227801259
136926,281,1.3335345147909168e-24,1.123230749496515e-67,0.991718844446258,4.302225565014801e-07,0.0032150527768009716,0.005065672554384537
26297,281,5.1483897768839726e-11,0.6753941050466399,1.7654162462262432e-63,1.2360522773232658e-07,0.324605770172536,1.1241124456744746e-09
28512,281,4.4492999595395123e-23,1.6046992041473051e-59,0.9909763855401746,5.780299601713467e-06,0.009002995015486136,1.483914473743222e-05
28056,281,9.62786797980766e-15,3.3922345449049012e-06,8.98568603032354e-21,0.9999961161615302,7.032705416754032e-12,4.915968822160007e-07
399874,281,0.9297260654714063,0.04613291678412527,4.380671051192574e-63,0.0034855635836203653,0.02065545416084792,9.490488702472041e-17
26312,281,3.971008388148995e-32,1.3046048360025166e-52,0.8812853858385863,1.50213128763373e-07,5.656487827738516e-07,0.11871389829950223
29521,281,0.998369374288788,1.4983177682789825e-13,1.370243980694315e-47,0.0010964243417448394,0.0005342013693172321,2.9350488685257294e-19
26774,281,0.7358952551992047,1.7528363540646143e-21,5.986426340817637e-31,0.2641046004588874,1.4434190764927086e-07,1.7075674531881627e-16
25097,281,2.0819099853451245e-45,1.4117108810490623e-27,0.0001488501083469462,1.2705807756502392e-09,0.9776079457586102,0.02224320286246204
28563,281,0.9779168167450549,3.063702893681907e-13,3.8749092189721566e-42,0.017022173854681168,0.005061009399955306,2.1422597063085596e-15
38300,281,1.7402078683450246e-38,1.9237820147959842e-16,4.864935308614916e-12,0.0002734155956722017,5.847098599830352e-15,0.9997265843994569
28643,281,1.0755023678982045e-30,0.9962335950004282,3.094484796233594e-45,2.6716760617989955e-07,1.926150509880124e-05,0.0037468763268669564
28256,281,9.501696851835897e-07,8.705904509413274e-15,1.8934764701364103e-27,0.9999990463894218,1.6359251609353205e-17,3.4408843761880435e-09
28894,281,4.5252787704915016e-14,0.9950794123231229,1.7763608922436463e-55,0.004920587644515355,8.822209680367458e-19,3.231641093570925e-11
29051,281,0.03503920972649419,4.547023500023789e-14,4.929874199049796e-38,0.00039115664634426645,0.9645696317656525,1.8614633674647607e-09
30572,281,6.967458684715796e-21,1.4689722653002885e-06,1.8428842753274898e-15,0.9996682895357872,7.042098611875216e-18,0.0003302414919453928
25203,281,0.9990426325663053,3.653829019586717e-07,1.5622664945331794e-58,0.0009336410666048007,2.336098418782531e-05,5.648795437441003e-18
35856,281,1.8938288051872342e-44,0.017515056547316117,1.77511999923162e-21,1.742988320249446e-05,2.1497796283770613e-12,0.9824675135673315
47467,281,9.548718870007565e-15,0.00046132586871577516,1.389295111501681e-44,5.9831082661981274e-06,0.9995181604605756,1.453056243290262e-05
27827,281,3.2258272852679707e-32,0.9967231996372465,7.155361145742909e-39,0.00017381909083411247,1.158072375247712e-14,0.00310298127190787
24064,317,1.0852572924785927e-05,4.0163251293749535e-08,1.4184041045032256e-42,0.999989107263823,2.5913342375456142e-17,1.0896233810045975e-15
28529,317,1.5261245091858834e-09,4.38495146919507e-24,1.2439298715590429e-11,0.9999999984531993,6.055084794824441e-26,8.237017552740722e-12
5628,317,3.286958455857787e-38,0.054956917915914776,1.1112330023590596e-23,1.1513662018442476e-05,1.1341759616330319e-05,0.9450202266624504
47345,317,1.7993952246911493e-20,0.9949086705411284,6.718157768155555e-54,2.957374289263443e-07,0.0050789985996559095,1.2035121786723639e-05
31044,317,0.9316025439783535,7.765349129202739e-35,2.0628920910756257e-11,0.06839745600085904,1.5876133356064688e-13,8.347307913788424e-17
26361,317,0.014230932873875184,6.154242474241073e-09,8.53564837939367e-34,0.9857690609718808,3.344263364778321e-19,1.5471230413773362e-15
34373,317,1.1889978080449608e-20,1.1828618597637657e-57,0.9996756653888149,4.460920370816246e-05,0.00027779631760853953,1.9290898681812477e-06
5526,317,0.9877679600833474,7.294165613278641e-21,1.4843871280823376e-31,0.012232039916609502,4.303296147600871e-14,3.549886575172992e-24
101509,317,1.4636468782163068e-18,0.9999294368621091,1.9926715919412933e-57,3.7511572482439845e-05,2.6718507425927574e-05,6.333057982584804e-06
29078,317,0.982748650985977,5.098702175803171e-13,8.628588719415236e-46,0.017251346022779394,2.9907335650082554e-09,2.777396284734777e-20
23428,317,1.5232185748636058e-38,1.1914075590240991e-27,1.9579267992431436e-06,2.576821790396983e-06,1.4216732361327018e-10,0.9999954651092431
130953,317,4.608754478262103e-18,0.9990108353608236,3.907401307075552e-52,0.000972429153561597,5.023087185969244e-11,1.673543538368366e-05
189420,317,8.437113830312507e-26,0.8322482549018716,1.202500217412047e-43,4.3743560377121154e-08,0.16772519555290724,2.650580166094529e-05
139124,317,2.3201702743285437e-34,0.002011866548984392,7.112002188414541e-13,0.006021597946241096,5.563355342929515e-19,0.9919665355040631
130953,317,5.160124504815279e-09,0.9971211773386861,7.319691894714232e-52,0.00284678612960206,2.9478841533930486e-05,2.5525300534573273e-06
27234,317,0.2748799007143139,8.895459048451838e-12,6.908647301365932e-40,0.7251200967683041,2.5080171243705744e-09,4.692019441313909e-13
62800,317,2.4531942220237e-31,3.1497241326113527e-07,2.2706659023492084e-16,2.725652708938669e-05,5.9164495282363166e-08,0.999972369336002
26258,317,2.0308957002322355e-32,3.726226865754661e-22,5.670203896474848e-10,1.396960077953953e-08,0.8501225972225115,0.14987738824086724
23899,317,7.995743641412148e-15,8.996259237511683e-15,2.965799815711927e-16,0.9999999992848516,1.4916970187190381e-35,7.151310511966565e-10
27904,317,1.7756782625296795e-13,0.9991713349145604,5.274447723762635e-68,0.0008286475283477381,7.850858778057003e-11,1.7478405750555037e-08
31750,317,3.7310294848610475e-43,4.7370628223264525e-12,7.74695083488555e-08,3.9363249522863156e-06,6.805699636952257e-08,0.9999959181438058
234320,317,0.999071241800197,1.7266872693800177e-16,1.1606602214873745e-41,0.0009116463320420323,1.7111867760802883e-05,4.69895471242237e-25
50461,317,3.4266732230264686e-35,1.848696169282953e-06,1.130086597436833e-27,4.127911035787385e-09,0.015419202486701864,0.9845789446892178
123360,317,0.9899740556166658,3.9381148056434315e-05,7.218018275390954e-55,0.009957585073397505,2.8978161877432777e-05,2.9006485903909892e-15
28538,317,7.476833391248126e-49,0.2005187363639702,3.2461194906429352e-28,1.0355135636206534e-05,3.4466946723076417e-15,0.7994709085003903
45216,317,5.805572987595249e-14,0.9997032414283046,2.707576766620477e-43,0.00028976523258387863,3.7611792749605007e-06,3.2321597784650284e-06
31956,317,1.0580794099231591e-10,0.001528962455188911,2.0126602176510578e-48,0.00010109238692878334,0.998369857879069,8.71730054366336e-08
46679,317,5.154913062765334e-14,6.909705906387917e-17,1.548234102681555e-06,0.9999984350984265,6.32848488548127e-25,1.6667419227419946e-08
12607,317,1.550946474182836e-23,0.9991200479639336,6.104193151874802e-28,0.000542063192263863,7.215630937505568e-05,0.00026573253442728717
28160,317,1.047157886240275e-48,6.726491938880884e-23,8.334189461048818e-07,1.5718716707747786e-09,2.7111637896450637e-06,0.9999964538453925
43477,317,2.4520952143831086e-26,4.391922358995973e-51,0.9436787359078272,6.238896897131119e-05,7.33294432840101e-12,0.056258875115868544
28170,317,7.100545209457718e-39,6.905087635246017e-21,2.254002817057484e-10,4.897038438154161e-10,0.9991797225979223,0.0008202766869735465
26289,317,1.2663768134235106e-28,0.9984641245426981,3.121750131487599e-50,8.711551337157174e-07,9.739879696592015e-07,0.0015340303141986346
367199,317,1.5204375586478922e-51,1.7274486554879262e-33,0.4682149514249327,9.905855243431848e-08,1.2413540591815447e-08,0.5317849371029743
27900,317,1.030037968052533e-40,1.485119372712369e-12,1.1405113907571062e-08,2.431563292200614e-06,0.9704997641193424,0.029497792910766416
34347,317,1.3329772286954471e-22,0.9961450245012103,4.758944725493803e-40,0.003808725111006834,1.4045475283086593e-22,4.625038778292737e-05
26324,317,0.9986257934235865,6.043961703298917e-09,7.352083453299117e-53,0.0013736444746199005,5.560578319897637e-07,2.375550452831404e-23
75131,317,3.3056882567757355e-08,1.3977592417353916e-55,0.9542792165520275,0.04572074692290236,3.4562559565328615e-10,3.1225619435273425e-09
92574,317,1.6615559072200916e-31,3.926960479618919e-34,0.8921099067759375,0.104831656328626,5.9840089316011304e-27,0.003058436895436213
392141,317,4.435435625084296e-40,6.946174333648304e-22,0.1346585574605119,0.0004975283104702138,5.262451952135046e-14,0.8648439142289652
43330,317,0.9994326721846428,1.3796617136403187e-15,2.1756241387123568e-43,0.00022678448494664716,0.0003405433304093454,4.277443339755396e-24
37359,317,0.9966572782345287,7.349526286562512e-31,4.212655481335212e-24,0.003342713051340261,8.714130871809655e-09,2.455895207703969e-21
136585,317,5.437499942006852e-08,0.026625443505406347,1.2847049170569188e-28,0.9733745016571381,5.2570533486624356e-18,4.624559815117332e-10
77115,317,1.6485167422338848e-26,6.3371593703249e-36,0.9720222094825278,0.027797772571813713,1.8711545486953895e-18,0.00018001794565843077
80765,317,3.035626006578066e-54,3.705197766408783e-11,3.929033273376352e-13,3.380274467509962e-09,0.0003339722601334001,0.9996660243221474
51031,317,6.20933635227498e-38,1.3296677380265399e-06,5.594928985538027e-07,0.23503538146640315,7.907442698581007e-29,0.7649627293729598
438466,317,0.00022183403100032532,1.3345012717774433e-10,2.626751361625331e-29,0.9997781658347253,9.148373569749988e-24,8.242738900899793e-13
29516,317,9.06915701016677e-17,7.258747775417375e-27,0.003479617438797891,0.9965125861234762,6.477483174932301e-25,7.796437725669897e-06
239906,317,2.5189625663848436e-22,1.4462437824162517e-05,1.0976880311703311e-14,0.9991731695717211,4.692525330109027e-31,0.0008123679904437863
27959,317,1.4176300838491268e-13,0.8603323178373522,2.499826579995651e-36,0.13966758603411583,1.0811178888189243e-28,9.612839027242977e-08
28423,317,5.028506759095094e-11,5.536946852490771e-54,0.0001030074582218556,1.537134338593083e-05,0.9998047384772198,7.688267088737831e-05
69030,317,1.8004513373584485e-43,6.036126476010402e-36,0.0034039757473473416,6.360314944384136e-09,4.823268806761964e-06,0.9965911946235311
27153,317,2.893396402625936e-26,1.0148630482273375e-28,9.585519400750161e-11,4.420399059146707e-09,0.935608704374039,0.06439129110970683
26320,317,0.08980670657322803,2.476075968179113e-31,3.276992386213781e-08,0.9101932606568479,7.992624230481235e-21,1.4723985222596003e-16
130977,317,1.239693077368999e-32,7.641499140338341e-28,2.497138981636935e-08,2.3772814343200288e-08,0.008820932206448256,0.9911790190493477
386196,317,0.9846276118537651,1.5659551301807032e-23,1.2421648605039112e-28,0.015372388146230915,4.21375257589139e-15,6.867111345019949e-22
28419,317,1.1228691134940418e-19,1.2352987979490494e-45,0.007949143828896395,0.00021578276898862088,2.8377592946781563e-06,0.9918322356428206
26329,317,5.775373547788266e-09,0.9961697971322201,6.0893132084920544e-61,0.003830193733793051,4.443925193027591e-12,3.354169362857442e-09
26297,317,1.2855832453093817e-14,0.13815295993558313,1.5990853963384807e-54,1.947471167139733e-08,0.8618466477535617,3.728361307860892e-07
208278,317,6.024253650456378e-39,0.998659226544341,2.3816840028489512e-42,0.00010096868531883286,5.697770416401385e-14,0.0012398047702829346
26406,317,6.179244957893872e-41,0.0019304690021269945,5.395096028375e-26,2.986652198837198e-07,5.702059135606873e-06,0.9980635302735177
377507,317,4.909866342633437e-41,4.155365146490353e-46,0.9642621793923963,1.2854506510023384e-07,9.467635608694881e-05,0.035643015706451606
183000,317,3.519660727574164e-12,3.382420161584438e-08,2.3296473687127182e-24,0.9999997390852785,1.703387191785431e-28,2.2708700029458318e-07
30726,317,8.711282016758773e-27,7.738313059521775e-36,2.4930831856643824e-07,1.0367469702617256e-09,0.9999090835929588,9.066606197570262e-05
359908,317,0.9507971437545685,2.789658455022258e-17,6.969466076196455e-27,0.049202856245428875,2.687482162398065e-15,1.354087477525719e-19
412577,317,6.621532410375736e-34,1.1101941591160178e-34,0.9590595374377201,9.60510560196227e-05,1.923225003347235e-12,0.040844411504337014
37591,317,4.4054946570344687e-13,7.027838151559378e-13,1.7389884370893285e-19,0.9999999999949201,5.550604643935941e-27,3.93657319761758e-12
26289,317,1.1280965195416065e-10,0.9969841538789905,1.2745145359199428e-55,0.003015806149277252,1.7348943525623298e-14,3.9858905189305795e-08
99579,317,0.6764370464479282,9.752243849636935e-44,2.1105850517707207e-07,0.32356274249307987,1.5818456796872812e-15,4.850419467729684e-13
5576,317,1.4324567719461643e-52,4.9478170417621695e-21,7.263157648988984e-07,3.1188586286025824e-08,1.951658908554918e-10,0.9999992423004831
330534,317,6.978984219237956e-26,4.2820332058340016e-57,0.9996840275597176,8.9143751935358e-05,5.887916483560502e-09,0.0002268228004305632
274998,317,0.9983545283238898,5.830300423718689e-14,5.091898881196908e-35,0.0016451401908130089,3.3148523886393284e-07,3.814244976861644e-24
27897,317,8.635966671521308e-16,4.373756490441183e-15,3.0149774171070884e-09,0.9999999935118291,4.222021891547245e-36,3.4731882626851844e-09
146649,317,8.891432821760793e-35,0.9909441310155108,4.422749686946732e-30,0.0009169839069239064,5.54327626830069e-24,0.008138885077565114
275441,317,2.1325001616192042e-42,0.4147946356927352,5.181190357013388e-26,7.987752228247654e-07,0.0012532372123123857,0.5839513283197298
436775,317,6.947628267351565e-15,0.999136020205798,3.996076332913052e-51,0.0008639758589895487,2.287268992701069e-16,3.935205361759926e-09
415002,317,3.765818758443568e-23,1.1519915843686907e-34,4.643063269665915e-05,8.03275467205822e-06,1.1554154740785942e-08,0.9999455250584766
43555,317,1.8910160780806753e-16,0.9994586387531578,1.6888769776118566e-54,0.0005412544392521802,7.303153173485835e-18,1.0680758984426944e-07
6357,317,0.987957723497408,1.2973519895315076e-14,3.5704898005698677e-42,0.012022575689932861,1.970081264626147e-05,3.411797231850103e-17
28208,317,0.9795814428327143,1.1885723909413826e-39,6.967082680558051e-12,0.020418557156305733,4.012810367450393e-12,2.631885673310638e-18
30726,317,3.995786827611206e-17,1.0242932084186445e-70,0.9998223256691133,1.820893823236489e-05,0.00015921332423734835,2.5206841683211975e-07
220794,317,0.9953211636883375,2.4246973017350308e-17,1.0393494324237426e-32,0.004463127911867631,0.00021570839979159127,3.3836750153931015e-15
28540,317,8.68841027003652e-22,3.5779959997007093e-69,0.9997590734970304,7.214540265597086e-06,0.00023248629733623835,1.2256653676908784e-06
412677,317,7.315732627058928e-27,0.9688330487423182,2.4710628785093994e-34,0.031164951011734974,2.3870221669045224e-27,2.0002459466176403e-06
26350,317,8.24910133272984e-17,4.015668652989063e-28,0.7625295621272138,0.2373494119642041,9.354597055804155e-05,2.747993802434966e-05
27948,317,0.9755488040706839,4.2866191149526274e-36,7.407830668177824e-13,0.02445119592857541,4.487701410657131e-17,3.767886533385202e-21
30500,317,7.1388421348491115e-43,1.0525796016146871e-10,2.445002238834681e-09,1.2910426793381054e-06,5.473089020920855e-08,0.9999986516761702
26312,317,1.338923116714238e-32,3.6349386468659767e-57,0.9953095210903407,7.93483787503789e-07,3.60067431009601e-09,0.004689681825197274
26354,317,1.384663767220819e-39,6.040679663134582e-49,0.7601173925585337,3.777825408577771e-06,1.6409865360573863e-15,0.239878829616056
28510,317,7.402604195334924e-15,3.417644822023784e-44,1.030439385952812e-05,1.8811211398997242e-05,0.193908463559317,0.806062420835417
30635,317,2.273075041127284e-22,4.031603161582874e-55,0.9983538684091273,6.259926792151698e-05,0.0015834166556411694,1.1566731003103129e-07
146650,317,6.805173697951914e-41,3.1904583755162235e-14,6.240452675852967e-06,3.0286927077525897e-05,1.0781674865769697e-06,0.9999623944527283
43327,317,0.0005012674366424256,7.015932687968885e-20,2.8396156219273656e-16,0.9994982494900452,4.650561550387738e-07,1.8017156952910218e-08
362325,317,1.1288203076328435e-27,1.6588526904214977e-39,0.4084211500921992,3.6181784209496e-05,1.9420284344035715e-14,0.5915426681235719
33097,317,1.8859794163220657e-29,2.984494788971912e-59,0.9993301427192469,1.9628180109289153e-05,1.1645657110564964e-07,0.0006501126440727146
28160,317,4.518807439794489e-34,1.8753468980210065e-15,1.5477398905707677e-16,7.797839938633921e-08,8.17578809379709e-07,0.9999991044427889
48924,317,1.9788515578769867e-28,1.3082127329417985e-37,0.019966338103530587,1.0485563807870024e-05,5.595836640221282e-14,0.9800231763326056
198802,317,0.9805447451477339,1.5531686707158388e-23,3.610342411536246e-25,0.019455254852266197,2.6634434635347124e-17,3.635167167091467e-20
32916,317,2.5809559161487734e-18,3.326614163859291e-66,0.9999262445793716,4.0251495243150774e-05,9.361813550092307e-07,3.256774403017403e-05
27902,317,1.401331082560621e-34,4.5525460502306556e-49,0.9755593658285856,2.877817051765486e-05,4.1353866446464565e-13,0.02441185600048321
57938,317,4.861726886318491e-06,6.701757584459054e-53,0.6492218328302193,0.3507733054013728,6.690505898080667e-16,4.152082048243887e-11
92573,317,6.293496793087547e-58,6.581161908174055e-14,2.6014290556684126e-05,1.0536952747155787e-06,1.1991141406439558e-19,0.9999729320141026
31050,317,1.8629177069432638e-07,6.871469599604617e-08,2.6530730831999368e-36,0.9999997449935328,4.5550816835874596e-20,4.937930188675112e-16
206302,317,1.2959079694251643e-35,3.831554066634201e-21,5.902709434845303e-06,7.121322524376275e-05,2.0523817831161956e-08,0.9999228635415036
30457,317,7.538946550838466e-21,0.9996523001312005,4.867822923854773e-51,2.211415421788314e-05,2.6640285873619802e-05,0.00029894542870811475
27955,317,1.0588853459121496e-46,4.6154593669212935e-29,0.14091191831482713,1.9341139384508912e-07,3.358935488009162e-07,0.8590875523802304
26341,317,0.9709512638386655,3.637719782738203e-22,3.279158565537877e-31,0.029048732965274986,3.195983404260033e-09,7.590036926720512e-14
298594,317,5.729781098363631e-25,3.093474038806001e-14,1.5230430735421606e-20,1.4701414761055575e-07,0.964252264710861,0.03574758827496044
28562,317,4.0656667504121407e-10,1.3180515902296567e-43,2.5530813942128592e-09,7.21503891863117e-06,0.9999711418185568,2.164018287631529e-05
5563,317,0.00015123159617023892,0.010735943629039586,5.8318614776406704e-61,0.00015607225263802548,0.9889567525221502,1.9430283393693773e-15
399872,317,8.58673409909486e-12,1.8977108543108727e-66,0.9978831441065575,0.002116827531071593,5.661811123280956e-12,2.8348122466919867e-08
399978,317,2.386869609996256e-18,7.55302260308823e-69,0.9998533843711359,0.00012762246716112587,1.9000281624251167e-08,1.8974161421509265e-05
31462,317,0.03878210858599784,1.4256016844768444e-19,6.378131733993737e-27,0.9612178914140023,3.511061604422199e-18,2.221672489998576e-18
43557,317,0.0003846446249906532,1.830454246909843e-21,7.63921819276519e-12,0.9996153553667392,1.35608965200672e-33,6.310361809808288e-13
328562,317,5.452294562086624e-23,8.807976849233002e-28,1.7130972256208552e-07,2.0815163423818796e-05,2.0141765026309194e-05,0.9999588717618275
15872,317,0.45552781262442943,0.0005396558716816725,1.1080971637843068e-50,0.5439325315000935,1.1311216485800026e-14,3.783905839500704e-12
26386,317,4.361391437583204e-17,0.9996582629122079,7.139885806187296e-55,0.00034157979195804765,7.095358029448362e-19,1.572958339914337e-07
29265,317,0.8931749430962176,3.467758840486772e-22,1.7168266447795973e-23,0.10682505690378234,1.0748460392342046e-16,5.353632090345479e-18
28424,317,1.257036088588913e-19,4.727193936350075e-50,0.8872317708640942,0.11268352411478112,2.033199550344419e-15,8.470502112271966e-05
431303,317,1.7851303402954626e-10,3.0914222101271183e-07,8.903133816490513e-23,0.9999996906580245,3.4298447901622756e-33,2.1241314843616683e-11
34349,317,8.070798025909342e-29,0.9998610576235962,5.132379111009301e-40,7.266263790029806e-05,3.9782598411294186e-15,6.627973849924046e-05
239947,317,0.9779455695320839,1.809439053086457e-11,1.5194808366283439e-44,0.02205443044414246,5.6790847034252006e-12,2.5288107497425225e-20
28766,317,6.930172839606343e-40,1.8620864074752677e-31,0.0003841423413507842,6.958144878037631e-09,0.9990717956784674,0.0005440550220368327
32916,317,4.9136987536083486e-11,5.269320711885585e-39,0.02099623186558718,0.9790037678331612,4.024789689035263e-21,2.521146049430222e-10
45016,317,8.416060112185897e-06,2.712693574220472e-17,9.520075600666042e-22,0.9957812904487144,1.975761753096932e-10,0.004210293293596457
275687,317,0.00014135540319684008,0.9978460360230216,1.3161525578008057e-67,0.001415761733699644,0.0005968468326103836,7.471746276217145e-12
5575,317,0.9446567051164549,0.018665989064871477,6.963167362552735e-62,0.03638060434695804,0.00029670147130158106,4.1407411361334635e-13
399874,317,1.1858277932886855e-07,0.9744184961289701,8.602369583225319e-69,6.390940880577461e-06,0.02557499427294161,7.442828457194033e-11
181730,317,5.629572534978262e-05,3.589303160018209e-31,0.00021166587227640534,0.9997320383179874,2.0844946928650802e-27,8.438663295391584e-11
32979,317,0.47518481398835133,6.701874101519794e-27,5.108232099648636e-19,0.5248151860116487,1.0217136119604498e-19,2.2053224247748103e-17
27896,317,2.844545982789861e-37,3.36868522441131e-33,0.024977642304109596,4.2042952824116076e-07,9.070424284566447e-09,0.975021928195938
34261,317,1.3422379747541928e-21,1.3231251043328842e-49,0.9991221829496173,0.000463764552705049,1.406443005056442e-09,0.0004140510912346289
275842,317,7.669311843070085e-06,2.720057030538181e-22,4.0645775992213497e-10,0.9999923300872081,1.2939369638019325e-26,1.9449124234077083e-10
47213,317,5.014911301382765e-12,1.117518491099854e-61,0.9981049213809252,0.0018928446322642207,1.118349602783159e-12,2.2339806772945386e-06
24124,317,1.1245233137453161e-06,0.5747176864939568,5.586963019536835e-63,2.3596411665450344e-05,0.425257590454408,2.1166559193560226e-09
35953,317,7.549470362753407e-28,0.8490299560900598,1.4573350978608142e-31,0.0002604720143316779,3.670279019678745e-08,0.15070953519281824
401074,317,1.773295449361907e-09,0.9477126683421181,1.626645344776684e-55,0.05228732979683089,7.14608224423335e-11,1.629477171867094e-11
28434,317,1.3409604398647941e-19,6.426895336326022e-68,0.9997136470949776,1.8606561725909335e-06,0.00018709784998044052,9.739439886935062e-05
35738,317,2.6284692604439678e-15,1.0853608492028059e-17,2.976996585747943e-20,0.9999999999994706,1.2795148801725283e-24,5.266919918025597e-13
36144,317,1.676969605918685e-05,2.1641168757888815e-22,6.15755702737167e-18,0.9999831905813314,3.3249148454356577e-19,3.972260964600816e-08
29521,317,0.9829436113132258,3.356560020767422e-24,2.1184869406765903e-31,0.0007887882856954465,0.01626760040107822,4.3054671741118705e-16
26774,317,9.27528000149369e-05,4.2972673364494835e-12,1.7483466034172817e-34,0.9999072471956878,4.663487173600565e-21,2.4928079155589004e-17
38300,317,1.0442605631767314e-09,1.3634683342449704e-57,0.9844438684390171,0.0056854596622194446,0.009025368355398465,0.0008453024991046735
42479,317,4.9280421595772345e-21,0.9999849797115571,4.913647480239117e-42,1.451017415728012e-05,4.33247306603321e-07,7.686697904217922e-08
28563,317,0.9923483412908397,3.8301201809749876e-17,2.585096984284716e-39,0.001896065684884543,0.005755593024275148,6.091873918441176e-16
25097,317,1.8081047998129395e-27,9.996297765016949e-37,0.9971064786947302,0.0025440541963684033,4.600427418133438e-17,0.000349467108901419
27860,317,0.9986219219369917,3.20323239341986e-20,4.384842647487944e-27,0.0013751069391898143,2.971123818251244e-06,3.0216673654921525e-25
35856,317,8.156654488979682e-49,1.9926565716236823e-08,1.837882726553651e-18,1.9589728571344117e-09,7.077762145440676e-05,0.999929200493007
29051,317,0.9974605035008285,1.6296160100683756e-21,9.122995550852088e-36,0.002538148491140201,1.3480080312347065e-06,6.868220940386024e-19
23754,317,4.254562573624789e-23,0.9861046829606476,1.6548329227049408e-29,0.013743583158315906,2.7625310932551453e-24,0.00015173388103650442
28815,317,6.430448919233499e-21,0.9759007074342857,5.3396872747398544e-52,3.889235110538781e-07,0.023865474723459002,0.00023342891874419632
30572,317,1.6607233282422547e-19,3.375093646893959e-08,5.931671968032529e-14,0.9999946667819689,5.277767792453334e-26,5.2994670349670155e-06
27567,317,2.5785771964930236e-07,0.8189686610380419,4.5603108262537315e-46,0.18103107838607319,2.1268801858095386e-21,2.718165274662314e-09
28894,317,2.698139239965163e-23,0.9894423751684023,1.2898284445589367e-51,0.010557617653260654,5.630656624122607e-23,7.1783371415885465e-09
52104,317,0.9821729171004933,4.296737886453122e-21,5.690488821245946e-33,0.017827081088906023,1.8106006474578193e-09,5.792112967829163e-19
47467,317,2.2518140676453564e-25,0.9876013297476304,1.598692099763165e-46,1.544986522147585e-05,0.011251191015569005,0.0011320293715793071
12021,317,2.661424020446793e-23,0.9999448448920826,4.959577226625454e-58,8.177081560288521e-07,9.612424144466335e-06,4.472497561665822e-05
