player_id,player_name,team_name,season_name,primary_position,cluster,role,PC1,PC2,PC3,PC4,PC5,PC6
26272,Ventura Alvarado Aispuro,Juárez,2021/2022,Right Centre Back,1,Aggressive Stopper,0.8548152923348205,0.22077688414708116,0.1879847395498387,0.17220394631503963,-0.061144902796632254,-0.23272289227278148
30111,Felix Eduardo Torres Caicedo,Santos Laguna,2021/2022,Right Centre Back,1,Aggressive Stopper,0.7313054527054482,0.3301511012236932,-0.5218421072756968,-0.05978829817705198,-0.2020096294888688,0.15791104757271263
34301,Luis Fernando León Bermeo,Atlético San Luis,2021/2022,Right Centre Back,0,Ball-Playing Libero,0.16574364947986248,-0.5920081048171368,-0.33611594173791615,0.12478475565765991,-0.2431468128696811,-0.3673908785805192
5738,Anderson Santamaría Bardales,Atlas,2021/2022,Right Centre Back,1,Aggressive Stopper,0.5596468838611562,0.7457402524566894,-0.03874872138592965,0.1564730161072565,0.279478653149955,0.008997578321736928
28669,Luis Alfonso Abram Ugarelli,Cruz Azul,2021/2022,Left Centre Back,0,Ball-Playing Libero,0.02077173169887653,-0.4504653559461985,-0.2964314564230495,0.46499562075422013,-0.6471372868752547,-0.11231373932853975
29078,José Luis Caicedo Barrera,Pumas UNAM,2021/2022,Left Centre Back,0,Ball-Playing Libero,-0.001127505702241879,0.06856049126600186,-0.2548598265365017,-0.10638895425699836,-0.5907062663781184,0.34286848268277753
37034,Oscar Luis Vanegas Zúñiga,Toluca,2021/2022,Right Centre Back,1,Aggressive Stopper,0.5197338770903965,-0.02646089921238917,-0.6044655147854968,0.43108091788471764,0.08949290269248127,-0.24710738027719864
5680,Oscar Fabián Murillo Murillo,Pachuca,2021/2022,Left Centre Back,1,Aggressive Stopper,0.26108491851654364,0.3475846599986333,-0.7450669482519031,-0.4040466844845609,-0.06966544541748179,-0.0006558726510968556
27354,Kevin Alexander Balanta Lucumí,Querétaro,2021/2022,Right Centre Back,1,Aggressive Stopper,0.09127741321260974,0.7187563449561007,0.34074577703460557,0.2838428159100458,0.3552307153262045,-0.23778628153570822
29597,Jaine Stiven Barreiro Solis,León,2021/2022,Right Centre Back,1,Aggressive Stopper,-0.20111777158427113,0.8343784499751776,-0.3494737502089554,0.20209981932052767,-0.10977895055846308,0.035135762239584555
29129,Geisson Alexander Perea Ocoró,Pachuca,2021/2022,Left Centre Back,0,Ball-Playing Libero,0.23344857399606095,-0.5823349577912905,0.19228560247917034,0.40573527020075995,0.1480472649659055,-0.525269176705686
28520,William José Tesillo Gutiérrez,León,2021/2022,Left Centre Back,1,Aggressive Stopper,-0.017973097677309962,0.8813917457649268,-0.36358414091128294,0.03755495298786467,-0.14281285085605835,0.16864056186064996
37759,Yonatthan Nicolás Rak Barragán,Tijuana,2021/2022,Left Centre Back,1,Aggressive Stopper,0.5937527706308319,-0.06361783116382899,-0.5625018732116602,-0.0850942524445189,-0.14135173752943322,-0.19408156263501158
43553,Emanuel Gularte Méndez,Puebla,2021/2022,Right Centre Back,1,Aggressive Stopper,0.48763240445022116,0.8156146021066595,0.2579983992692981,-0.13066309153931394,-0.17595178186187135,-0.07410369251478437
30978,Maximiliano Perg Schneider,Querétaro,2021/2022,Right Centre Back,0,Ball-Playing Libero,0.5912934438169914,-0.19489309460059268,0.32331166189258087,-0.5352326054674417,0.05533903229363531,0.12529966485291333
23888,Gary Christofer Kagelmacher Pérez,León,2021/2022,Left Centre Back,1,Aggressive Stopper,0.0017379870726594799,0.729162463008755,-0.25748221662720566,0.15240327704738676,0.26069241349355465,0.4499305646087034
37916,Agustín Oliveros Cano,Necaxa,2021/2022,Left Centre Back,1,Aggressive Stopper,0.274297538913375,0.12416711336220498,-0.29891778227226357,0.7530053497334825,-0.32769673285952927,-0.13449004842966591
8295,Maximiliano Martín Olivera de Andrea,Juárez,2021/2022,Left Centre Back,1,Aggressive Stopper,0.05898167007394456,0.4598820739266939,0.25626375962785697,0.5761789830213,0.04992400595405627,-0.2660202117480273
36296,Fabricio Orosmán Formiliano Duarte,Necaxa,2021/2022,Left Centre Back,1,Aggressive Stopper,0.5585492537362641,0.33435213225815996,-0.6392091438088976,0.2984369376188982,0.10997605956174207,0.1089580967840226
35690,Sebastián Enzo Cáceres Ramos,América,2021/2022,Left Centre Back,1,Aggressive Stopper,0.3941604388348164,0.4360058011479656,-0.14773846550701347,0.11092961897298283,0.3529674278788655,0.41935706475716655
37625,Enzo Gabriel Martínez Suárez,Querétaro,2021/2022,Left Centre Back,1,Aggressive Stopper,0.37288403977164164,0.5612064426243297,0.03844644074117096,0.21091039774653275,0.39283009694156035,0.4750143731826437
26343,Pablo César Aguilar Benítez,Cruz Azul,2021/2022,Right Centre Back,1,Aggressive Stopper,0.38190672921265695,0.08893938448548885,-0.7581132941457499,-0.26958304857007526,0.2685406232161049,-0.05912013071390601
34398,José Alexis Doldán Aquino,Querétaro,2021/2022,Left Centre Back,1,Aggressive Stopper,0.8721444272678074,0.18000734562860124,0.14041419660648818,-0.09025623318891904,-0.11623771743804603,0.2593271680224379
28943,Víctor Gustavo Velázquez Ramos,Juárez,2021/2022,Right Centre Back,1,Aggressive Stopper,0.8361114023060953,0.04010215180644645,-0.3014963587212465,-0.10386807052934542,-0.10761440276157054,-0.23711740259863448
26407,Bruno Amílcar Valdez Rojas,América,2021/2022,Right Centre Back,1,Aggressive Stopper,0.3582364201874253,0.2931273643098004,-0.6336533451253041,0.217608127273929,0.010381920594246783,-0.25315833651209296
28869,Julio César González Trinidad,Necaxa,2021/2022,Right Centre Back,1,Aggressive Stopper,0.8261791365425042,0.38259316153822004,0.19790198730246866,-0.11877153902293103,-0.20093698054283943,-0.11031685428845434
36167,Ramón Juárez Del Castillo,Atlético San Luis,2021/2022,Right Centre Back,1,Aggressive Stopper,0.6760991809216383,0.05233908683295073,-0.4949341070841813,-0.40526757563378324,-0.09263368857556789,-0.027594681449343815
35036,Efraín Orona Zavala,Atlético San Luis,2021/2022,Left Centre Back,1,Aggressive Stopper,0.7182844544321041,0.15970257193197945,0.3382443137336222,0.31415992500507395,-0.4655292655040322,0.05616755462498301
131121,José Guadalupe Hernández Clemente,Atlético San Luis,2021/2022,Left Centre Back,0,Ball-Playing Libero,-0.1026810955548444,0.05372084746458263,0.6950092708884236,0.4806443391181624,-0.05551746224644298,-0.33667558840171913
26403,Carlos Alonso Vargas Tenorio,Mazatlán,2021/2022,Left Centre Back,1,Aggressive Stopper,0.6927715880331198,0.46282780845178056,0.4303379002651571,0.04010401451093122,8.136080755572785e-05,-0.050530473257469136
26302,Hugo Isaac Rodríguez De La O,Santos Laguna,2021/2022,Right Centre Back,1,Aggressive Stopper,0.9227556882842674,0.3566242448409351,0.024344537002943967,0.0678718454107617,-0.13111260616400727,0.05638365767369205
76239,Jesús Fernando Piñuelas Sandoval,Atlético San Luis,2021/2022,Right Centre Back,1,Aggressive Stopper,0.8192081074994826,0.3795877102671093,0.08134054492322355,-0.14032538959940838,0.017095622022847035,-0.11233949283377852
133836,Arturo Ortíz Martínez,Pumas UNAM,2021/2022,Right Centre Back,1,Aggressive Stopper,0.03008754416985494,0.7817726584282033,-0.3479311699965021,0.1005257867340214,0.13813335685170483,0.37409876085769816
43322,Gerardo Moreno Cruz,Pumas UNAM,2021/2022,Left Centre Back,2,Positional Blocker,-0.2377289331801889,0.45193766177154504,-0.021743075739041204,-0.41102100799496266,0.1313654709463838,0.050824895195201766
28557,Jorge Emmanuel Torres Nilo,Toluca,2021/2022,Left Centre Back,1,Aggressive Stopper,0.5360739363798268,0.4559003478123392,0.5868745942277289,-0.05820477082596541,0.06611348422622111,-0.16370527053849557
34361,Óscar Haret Ortega Gatica,Toluca,2021/2022,Left Centre Back,1,Aggressive Stopper,0.46902897293268714,0.45166133128455815,-0.5265681370124169,-0.07035713839256452,0.4138909892235894,0.2007349725475195
43541,Brandon Guadalupe Sartiaguin Godoy,Toluca,2021/2022,Centre Back,1,Aggressive Stopper,0.6870694412474775,0.7247848406229994,0.11732827264944362,0.018015416399246524,0.153406969488411,-0.04916033589165765
46156,José Ricardo Galindo Gutiérrez,Pumas UNAM,2021/2022,Right Centre Back,1,Aggressive Stopper,0.1863338223631339,0.814431624862959,0.373125958739723,-0.0051798066975999625,0.13636298483538176,0.1365513346609308
28423,Jesús Alberto Angulo Uriarte,Atlas,2021/2022,Left Centre Back,1,Aggressive Stopper,0.536281498741396,0.7546721496924447,0.26123302613251753,0.07407080576498824,-0.04578123706989239,0.08654797499042467
75131,Gaddi Axel Aguirre Ledesma,Atlas,2021/2022,Left Centre Back,1,Aggressive Stopper,0.6211569482614754,0.5963972498664992,-0.28142452668786155,0.03749985025415005,-0.22213607883291808,-0.003072379353450562
26268,Alexis Francisco Peña López,Cruz Azul,2021/2022,Right Centre Back,1,Aggressive Stopper,0.3237526141473836,-0.1426824427794226,-0.25820768745640604,0.6460672026621783,-0.28589850900037284,-0.3039475465247088
5561,Hugo Ayala Castro,Tigres UANL,2021/2022,Right Centre Back,1,Aggressive Stopper,0.153729293195026,0.8248436001366812,0.07930127996116838,-0.08078170229634764,0.35855174150536373,0.07122807641252903
16539,Diego Antonio Reyes Rosales,Tigres UANL,2021/2022,Right Centre Back,1,Aggressive Stopper,-0.04664373829200837,0.6128043844633254,-0.4472739576378094,-0.007345054597993291,0.17287706016988597,0.518013657989063
5564,Carlos Joel Salcedo Hernández,Tigres UANL,2021/2022,Left Centre Back,1,Aggressive Stopper,-0.44083516792396193,0.6245893703610068,-0.47230367459826456,0.26484337459940055,-0.05194718411663244,0.06367481648479222
32713,Juan José Sánchez Purata,Tigres UANL,2021/2022,Left Centre Back,1,Aggressive Stopper,0.13100598030033805,0.3631632705009571,0.39181022129011434,0.07332419813132135,0.6754938824439226,0.03847185710387152
43476,Victor Andrés Guzmán Olmedo,Tijuana,2021/2022,Right Centre Back,1,Aggressive Stopper,0.6805971624598444,0.33865572523115944,0.20272047664668236,0.32371760824711043,0.4128336741939149,-0.26072939558102454
26327,Julio César Domínguez Juárez,Cruz Azul,2021/2022,Left Centre Back,0,Ball-Playing Libero,-0.12721469623707576,-0.12593181684167323,0.038680668810950336,0.9253098865275938,-0.1633452016606747,0.18062971877253153
32579,Eduardo Santiago Tercero Méndez,Tijuana,2021/2022,Left Centre Back,1,Aggressive Stopper,0.8152411496709216,0.24539098268232468,0.44435491889417505,-0.21541976138992047,-0.2374325564443536,-0.017598463586704784
50551,Luis Gustavo Sánchez Saucedo,Monterrey,2021/2022,Left Centre Back,1,Aggressive Stopper,0.3511516421216321,-0.24272545890259775,-0.20495051483498702,0.6748907052783865,0.0017167322384670704,-0.22557540060889159
26368,César Jasib Montes Castro,Monterrey,2021/2022,Right Centre Back,1,Aggressive Stopper,-0.20727160924748111,0.16258519394969734,-0.7711821280125836,0.07831176030326417,-0.3546508107562524,-0.25031356675051186
5573,Héctor Alfredo Moreno Herrera,Monterrey,2021/2022,Left Centre Back,0,Ball-Playing Libero,-0.4794906884081057,-0.31082189966460605,-0.4165856481284835,0.5275595981689986,0.03594656030740072,-0.01902244859811698
43309,Alán Isidro Montes Castro,Monterrey,2021/2022,Right Centre Back,1,Aggressive Stopper,0.618043767323441,0.0026665623339236556,-0.5699648600839369,0.10305425805876707,0.34544523611863837,-0.007438736849206857
33126,Israel Reyes Romero,Puebla,2021/2022,Centre Back,1,Aggressive Stopper,0.1798152409156764,0.737019237464264,-0.279548114692857,0.20834754554630014,0.07061888832180557,-0.14828272347606017
43314,Daniel Ángel Cervantes Fraire,Querétaro,2021/2022,Left Centre Back,1,Aggressive Stopper,0.44985393919671884,0.12421277042685458,0.49431755541642636,0.010834443540202847,0.5123981541882654,0.09370524123233998
44982,Axel Said Grijalva Soto,Monterrey,2021/2022,Right Centre Back,0,Ball-Playing Libero,0.5333314354524579,-0.22587923811295244,0.45762607860076887,0.1886571574457732,-0.3053522471841137,-0.3234734166380945
35037,Miguel Ángel Tapias Dávila,Pachuca,2021/2022,Left Centre Back,1,Aggressive Stopper,0.6540085012826936,0.46213334755408086,-0.3506272146790982,0.296693899379121,-0.10090003479969925,-0.035139518073785035
28519,Miguel Ángel Herrera Equihua,Pachuca,2021/2022,Right Centre Back,1,Aggressive Stopper,0.7256773269950058,0.04239222053802115,-0.43182618230257186,0.09471567399015132,-0.43044025775944156,0.0051668678081591
131162,José Juan García Manríquez,Juárez,2021/2022,Centre Back,0,Ball-Playing Libero,0.2613436715147699,-0.261647431823831,-0.2887418400061646,0.03747289312027919,0.8107341279022781,-0.13911527769143806
26317,Adrián Mora Barraza,Juárez,2021/2022,Left Centre Back,1,Aggressive Stopper,0.7476017365155528,0.11526861380209238,0.3542546674480266,0.010379019841048802,-0.11965286537524321,0.13146699853844757
28534,Jesús Eduardo Zavala Castañeda,Mazatlán,2021/2022,Centre Back,0,Ball-Playing Libero,0.6933947293696174,-0.4589144892223873,-0.17276498519334085,-0.0994222679494508,0.3200821410499947,-0.05717016494676405
24074,Oswaldo Alanís Pantoja,Mazatlán,2021/2022,Left Centre Back,1,Aggressive Stopper,0.04387997094294665,0.07899230901345942,-0.39580828458390055,0.1515424372468606,-0.5554351704563644,0.0691732816178479
32164,Jordan Jesús Silva Díaz,América,2021/2022,Left Centre Back,1,Aggressive Stopper,0.38624135128806997,-0.045525836465170055,-0.8480249275424073,-0.00845304470342122,0.19987072014927204,0.03410102172175836
28535,Néstor Vicente Vidrio Serrano,Mazatlán,2021/2022,Right Centre Back,1,Aggressive Stopper,0.7231008827261213,0.2139459955224206,-0.21598260799009134,0.43812693218485,0.016166623726357347,0.0007642574549991323
111731,Jesús Gilberto Orozco Chiquete,Guadalajara,2021/2022,Left Centre Back,1,Aggressive Stopper,0.6438993776826747,0.5347270119267075,0.3405084614094686,-0.18908936536841328,-0.06831182391021659,0.07383304921795127
52244,Luis Alejandro Olivas Salcedo,Guadalajara,2021/2022,Left Centre Back,1,Aggressive Stopper,0.1874662452714412,0.5039820208329473,-0.26269043345187976,0.5867300609696895,0.31295663892538733,0.15549395506057911
26259,Hiram Ricardo Mier Alanis,Guadalajara,2021/2022,Right Centre Back,0,Ball-Playing Libero,0.29323787501816356,-0.2959066211625257,-0.39050887135075385,0.5079434753786859,-0.3326203500982761,0.2239940853688263
31315,Gilberto Sepúlveda López,Guadalajara,2021/2022,Right Centre Back,1,Aggressive Stopper,0.326437567289068,0.6696410729254655,-0.4626965723577257,0.2823435417598283,-0.019731110626272055,0.14848023645023864
28423,Jesús Alberto Angulo Uriarte,Tigres UANL,2021/2022,Left Centre Back,1,Aggressive Stopper,-0.17287737627909586,0.88669326077675,-0.04208914151948266,0.25322257093617206,-0.07150634384354723,0.24092859656960203
43308,Jesús Alberto Alcantar Rodríguez,Necaxa,2021/2022,Left Centre Back,1,Aggressive Stopper,-0.008183734736658795,0.5693807265892484,0.4124257869083131,-0.41229931091466054,0.22091427616559348,-0.03221944417461644
27952,Luis Fernando Quintana Vega,Necaxa,2021/2022,Right Centre Back,1,Aggressive Stopper,-0.08735609303281763,0.6450690392953569,-0.06738136518639724,0.49088207909138487,0.2701131342399846,0.0493266521524479
26268,Alexis Francisco Peña López,Necaxa,2021/2022,Right Centre Back,1,Aggressive Stopper,0.4895244118610668,0.4452800880479135,-0.2987838305696518,0.3099228318773106,-0.24416043697101178,-0.2865819269970784
26386,Luis Francisco Romo Barrón,Cruz Azul,2021/2022,Right Centre Back,2,Positional Blocker,-0.6518176273951259,0.15928511636323234,0.23823708431275006,0.14050822569179597,-0.41424628019063275,-0.2831935939969212
37074,Josué Emmanuel Reyes Santacruz,Cruz Azul,2021/2022,Right Centre Back,0,Ball-Playing Libero,0.5056961979446385,-0.39812260281579964,0.2611803299021182,-0.3931872397633999,0.05756555601685752,-0.26117249397573644
32916,Diego Eduardo De Buen Juárez,Puebla,2021/2022,Centre Back,1,Aggressive Stopper,0.33675763500028294,0.736542249773669,0.49384293897441145,-0.2455957508979253,0.11324058297398563,0.023639769978863894
28417,Daniel Aguilar Muñoz,Puebla,2021/2022,Left Centre Back,1,Aggressive Stopper,-0.2634293483285935,0.4929373005513364,0.29147290035303036,0.5719902169547117,-0.06316891672800082,-0.24914750817418707
10570,Antonio Briseño Vázquez,Guadalajara,2021/2022,Right Centre Back,1,Aggressive Stopper,0.26529359989873164,0.3251234285435027,-0.8072473770113164,-0.020768548562814862,0.2289462993661621,-0.11895692696115416
41777,Emilio Lara Contreras,América,2021/2022,Right Centre Back,0,Ball-Playing Libero,-0.06903398459927013,-0.14885180637533516,0.1183505911695094,0.3314301722975269,0.0349655617799496,0.8534224186688312
35861,Valber Roberto Huerta Jerez,Toluca,2021/2022,Left Centre Back,0,Ball-Playing Libero,0.08253581717826416,-0.1624299777859444,-0.45925541855061947,0.4784150562165541,0.4181997259049934,0.392331202663032
26256,Igor Lichnovsky Osorio,Tigres UANL,2021/2022,Left Centre Back,1,Aggressive Stopper,-0.042628521155962475,0.4430607127234774,-0.5687024376308651,0.3726832164912718,-0.306457085286058,-0.21165671737417482
28434,Sebastián Ignacio Vegas Orellana,Monterrey,2021/2022,Left Centre Back,1,Aggressive Stopper,0.008479473890843706,0.4204926277518699,0.20246217055108165,0.40244911772128944,-0.5967908408188267,0.0031758770860239767
36663,Leonardo Henriques Coelho,Atlético San Luis,2021/2022,Right Centre Back,1,Aggressive Stopper,0.9678294240740336,0.11236497139429093,-0.09062383182056184,-0.01288586972873998,-0.0707620046988794,0.11791900684646973
4418,Matheus Dória Macedo,Santos Laguna,2021/2022,Left Centre Back,1,Aggressive Stopper,0.73566974017845,-0.10326174487868454,-0.07902247467016205,0.2097984225044121,-0.28554157401271574,0.5428684721619519
31925,Ygor Nogueira de Paula,Mazatlán,2021/2022,Left Centre Back,1,Aggressive Stopper,0.6418063460219076,-0.0204602527410971,-0.38914861194374106,-0.2967956579444922,-0.1575912373580019,-0.27003857455659414
8477,Nicolás Omar Freire,Pumas UNAM,2021/2022,Left Centre Back,1,Aggressive Stopper,0.4440825639032752,0.33794915849612006,-0.6462064468134723,0.2960200001093479,0.13972804754539636,0.15755947167889792
26408,Víctor Emanuel Aguilera,Atlas,2021/2022,Left Centre Back,1,Aggressive Stopper,0.8304297475760359,-0.04457057521051796,0.15821352879287576,-0.01890516903858283,-0.039934690161719175,-0.012888990860322417
6715,Guido Hernán Pizarro,Tigres UANL,2021/2022,Centre Back,2,Positional Blocker,-0.6488656086647757,0.6711959190048264,0.06387996313877789,0.11728755468970366,0.06791216501096133,-0.18663426305209382
27795,Juan Pablo Segovia González,Puebla,2021/2022,Left Centre Back,1,Aggressive Stopper,0.47381578873014213,0.018178525552003992,-0.4138682462422677,0.3486735301863626,-0.5578773168964084,0.03713943469881274
6794,Gustavo Daniel Cabral Cáceres,Pachuca,2021/2022,Right Centre Back,1,Aggressive Stopper,0.2586464143228125,0.5509168126749916,-0.6832251054879989,-0.023786792011702352,0.08551070064576509,-0.07184795566865429
28525,Ramiro Gabriel González Hernández,León,2021/2022,Left Centre Back,0,Ball-Playing Libero,0.09539034438832036,-0.17368375380724332,-0.6133752172022385,0.015921044399143065,0.37532386395080064,-0.23126175238095817
24593,Marcos Mauro López Gutiérrez,Juárez,2021/2022,Centre Back,0,Ball-Playing Libero,0.15264383942654675,-0.580849508002185,-0.1767915539035589,0.12846676901771892,0.2397740897700906,0.321938525963205
26408,Víctor Emanuel Aguilera,América,2021/2022,Left Centre Back,1,Aggressive Stopper,0.15165192267990302,0.1358279900212237,-0.6608977455245653,0.47291242905416525,0.40578412058152685,-0.11147062101620887
29199,Miguel Ángel Barbieri,Toluca,2021/2022,Right Centre Back,1,Aggressive Stopper,0.6867931863328652,-0.11973998960460695,-0.2374827271447458,-0.3838512414277905,0.17768011041459023,0.23717810091119554
30806,Lisandro Ezequiel López,Tijuana,2021/2022,Right Centre Back,1,Aggressive Stopper,0.4801570024793801,0.529288115211749,-0.6375692450481402,-0.10213623808160552,-0.1648114496892317,0.10071867686966919
28425,Hugo Martín Nervo,Atlas,2021/2022,Centre Back,1,Aggressive Stopper,0.4914799643400455,-0.23649269122780076,-0.7371118521493355,0.2841717397390622,0.12385340282733426,-0.018504589518116586
26313,Fernando Nicolás Meza,Necaxa,2021/2022,Right Centre Back,1,Aggressive Stopper,0.34840922918370504,0.7288225412243695,-0.35379011501869095,0.290526873543514,0.14654083385125943,-0.20401281851956712
27967,Unai Bilbao Arteta,Atlético San Luis,2021/2022,Left Centre Back,1,Aggressive Stopper,0.33506818549621126,-0.17438438588162591,-0.6123433881136547,0.04190058420569502,0.1103630118218618,0.3459347832448473
23722,Pol García Tena,Juárez,2021/2022,Left Centre Back,1,Aggressive Stopper,0.3131876911412471,-0.18275191957093734,-0.6994546108362325,0.25844209979540955,0.0011575249989594077,-0.37081576559392226
6869,Alejandro Arribas Garrido,Juárez,2021/2022,Left Centre Back,1,Aggressive Stopper,0.5328969761267737,0.6140294695908993,-0.20552795857082434,0.27926571737106093,0.2136568674591265,-0.0021268383470950994
8818,Jorge Meré Pérez,América,2021/2022,Left Centre Back,1,Aggressive Stopper,0.2745690003205152,0.5305077135277169,-0.3217141381104444,0.5711749980391698,-0.16788014131961407,0.08177281695323414
26272,Ventura Alvarado Aispuro,Juárez,2022/2023,Right Centre Back,1,Aggressive Stopper,0.4211178678089826,-0.014511247388383101,-0.43860323488301595,0.29654749392471624,0.3120000856858517,-0.2697840565451165
34301,Luis Fernando León Bermeo,Atlético San Luis,2022/2023,Right Centre Back,0,Ball-Playing Libero,0.6061571897917635,-0.5888824498350239,-0.13948250112364277,0.37919074702615485,-0.09410631384224415,0.1281422230098783
30111,Felix Eduardo Torres Caicedo,Santos Laguna,2022/2023,Right Centre Back,1,Aggressive Stopper,0.7005911592622084,0.16999240842007438,-0.5417251371469053,-0.2931515384168042,-0.22327381883198646,0.14765504175334185
74258,Julien  Celestine,León,2022/2023,Centre Back,0,Ball-Playing Libero,-0.10260922301432412,-0.5322539707947513,-0.19825113537175498,0.14509100034833283,0.19514418664646047,0.24734156589215164
5738,Anderson Santamaría Bardales,Atlas,2022/2023,Right Centre Back,1,Aggressive Stopper,-0.27930721134306563,0.6710552851470852,0.32528024783504705,0.07101721292769764,-0.11111445142900096,0.15395068158652514
28669,Luis Alfonso Abram Ugarelli,Cruz Azul,2022/2023,Left Centre Back,0,Ball-Playing Libero,0.2055040781552553,-0.6693842927153613,0.14218724738866745,0.41250884950513556,-0.4614756556785181,0.19964446924323806
28617,Andrés Felipe Mosquera Guardia,Toluca,2022/2023,Right Centre Back,2,Positional Blocker,-0.7981655641794508,-0.1679419732364078,-0.05194699238710161,0.30466424391072994,0.017063134126653636,-0.2859201295583956
5680,Oscar Fabián Murillo Murillo,Pachuca,2022/2023,Left Centre Back,1,Aggressive Stopper,0.4441903686162199,-0.04577159318786106,-0.6295102942889303,-0.5128567424350315,-0.11194575326098757,-0.050166427680137377
27354,Kevin Alexander Balanta Lucumí,Querétaro,2022/2023,Right Centre Back,1,Aggressive Stopper,0.7259356757957027,0.17116062460852524,0.05192022160275925,-0.08226324556959422,-0.2524737673900215,0.4101545302555557
28520,William José Tesillo Gutiérrez,León,2022/2023,Left Centre Back,1,Aggressive Stopper,0.11107697231346121,0.5348870754211504,-0.4255878803738092,0.2033608838827535,-0.34669359790211707,-0.18618224928955693
29597,Jaine Stiven Barreiro Solis,León,2022/2023,Right Centre Back,1,Aggressive Stopper,0.06345749788426273,0.8158887371057273,-0.12899092049722444,-0.05333127678055917,-0.34101131178406086,-0.009581805143629994
37625,Enzo Gabriel Martínez Suárez,Querétaro,2022/2023,Left Centre Back,1,Aggressive Stopper,0.3764716891275379,0.19803250265225347,0.6455383424965137,-0.4101668706370523,-0.02860443382893473,0.0802177714591046
17054,Emiliano Daniel Velázquez Maldonado,Juárez,2022/2023,Right Centre Back,1,Aggressive Stopper,0.48846809633463895,0.35298894376249784,0.2476740923456929,-0.16849978235441146,0.14786408248375435,0.2595622043173019
36296,Fabricio Orosmán Formiliano Duarte,Necaxa,2022/2023,Left Centre Back,0,Ball-Playing Libero,0.20222578861142584,-0.312158281762319,-0.7295022839398642,-0.023200537158255152,0.2633344521321967,-0.1175343280705362
35690,Sebastián Enzo Cáceres Ramos,América,2022/2023,Left Centre Back,2,Positional Blocker,-0.6291892103658321,0.24091655864492403,-0.19276908596142597,-0.20216509574754138,-0.26438757223012554,0.16495487872723674
43553,Emanuel Gularte Méndez,Puebla,2022/2023,Right Centre Back,0,Ball-Playing Libero,0.2035635234296446,-0.2546485670262212,0.12574595277685785,-0.6590995644133977,0.004184439302104757,-0.06057675590084075
37625,Enzo Gabriel Martínez Suárez,Pachuca,2022/2023,Left Centre Back,2,Positional Blocker,-0.27572768969227884,0.37642194436697746,-0.4360382351463131,-0.4439314379719491,-0.324171776015697,-0.06719298514834651
28289,Gastón Alexis Silva Perdomo,Puebla,2022/2023,Left Centre Back,1,Aggressive Stopper,-0.09930620670641693,0.4466898919045385,0.4748359273209267,0.5154234144232905,-0.19727496274601455,-0.11138605319833561
26407,Bruno Amílcar Valdez Rojas,América,2022/2023,Right Centre Back,1,Aggressive Stopper,0.11379209259316993,0.3834516296174277,-0.7298877738080576,0.04867702680157964,-0.15971691478997935,0.24563591324814285
28159,Juan Marcelo Escobar Chena,Cruz Azul,2022/2023,Right Centre Back,2,Positional Blocker,-0.4589717134549516,0.000953650999181855,-0.4962744118866121,-0.28748680440077223,-0.07403759940146493,-0.34137268921745667
273518,Enrique de Jesús Cedillo Ortíz,Mazatlán,2022/2023,Right Centre Back,1,Aggressive Stopper,-0.17045138244240543,0.8035351914420336,-0.09496533059005355,-0.4754130003872547,0.23556233574141774,-0.13132689103883516
28535,Néstor Vicente Vidrio Serrano,Mazatlán,2022/2023,Right Centre Back,1,Aggressive Stopper,0.31556431282515157,0.4220886701555073,-0.6420871393382808,0.17049198339283714,0.19372507952317056,0.16319506094723146
76239,Jesús Fernando Piñuelas Sandoval,Atlético San Luis,2022/2023,Right Centre Back,0,Ball-Playing Libero,0.4773206611913377,-0.6298685205567858,0.3677270698452605,0.061483610261101856,-0.107801302156654,0.09363596032292552
131162,José Juan García Manríquez,Atlético San Luis,2022/2023,Right Centre Back,0,Ball-Playing Libero,0.4934943009994878,-0.6770315350146848,-0.02014156813316983,-0.1265842143016903,0.326561160228234,-0.18004340136862546
274863,Rodrigo Armando González Cárdenas,Atlético San Luis,2022/2023,Left Centre Back,0,Ball-Playing Libero,0.6642710060237103,-0.49568725143360115,0.2211813809770204,0.26131080258007516,0.09808599164188171,0.24305819340589802
26376,Ronaldo De Jesús Prieto Ramírez,Santos Laguna,2022/2023,Left Centre Back,1,Aggressive Stopper,0.7326293497474061,0.23831709476020693,-0.3148569371347164,-0.2363027593511577,0.20204669472131837,0.28216077658072986
46156,José Ricardo Galindo Gutiérrez,Pumas UNAM,2022/2023,Right Centre Back,1,Aggressive Stopper,0.11272517623474756,0.6217118295644101,0.5636799122741801,-0.14222746504259562,0.4596377703514304,0.05512095617454656
276096,Jonathan Alejandro Sánchez Hernández,Pumas UNAM,2022/2023,Right Centre Back,0,Ball-Playing Libero,0.5174082891956698,-0.640771839575084,0.4446690137001478,0.2252780446084135,-0.23943279868949466,0.03382753010150328
34361,Óscar Haret Ortega Gatica,Toluca,2022/2023,Right Centre Back,0,Ball-Playing Libero,-0.01662811339148535,-0.23597967273177803,-0.027458300140511666,0.026433346602103874,0.5557784643395568,-0.18045750023381163
28557,Jorge Emmanuel Torres Nilo,Toluca,2022/2023,Left Centre Back,2,Positional Blocker,-0.5066614852380602,0.4871473278467632,0.4469690685959764,0.08678979929022008,0.27274946792930654,-0.3634476762885748
16539,Diego Antonio Reyes Rosales,Tigres UANL,2022/2023,Left Centre Back,1,Aggressive Stopper,-0.30828606936296904,0.5640631442185677,-0.6447804859769041,-0.07689338806622772,0.11342067858239863,0.16292879387527673
31434,Carlos Alejandro Robles Jiménez,Atlas,2022/2023,Right Centre Back,0,Ball-Playing Libero,0.23362724385774322,-0.20715321897038588,0.48808298506738423,0.18514347620479768,0.00806474791763458,0.13412532372198266
75131,Gaddi Axel Aguirre Ledesma,Atlas,2022/2023,Left Centre Back,1,Aggressive Stopper,0.23875228902054169,0.5821474606780136,-0.3821246411909385,-0.30967326627032377,-0.08241471889922711,-0.5644903817018009
30024,Jesús Alejandro Gómez Molina,Atlas,2022/2023,Left Centre Back,2,Positional Blocker,-0.30156524672879714,0.5552596389437608,0.038977917316163825,-0.307453498727866,-0.4006215240090516,-0.2583711420754867
5561,Hugo Ayala Castro,Tigres UANL,2022/2023,Right Centre Back,0,Ball-Playing Libero,0.1494135843227657,0.01900038884216176,0.5138740019033996,0.25010580888483225,0.0397472754918909,0.4130706012556531
32579,Eduardo Santiago Tercero Méndez,Tigres UANL,2022/2023,Right Centre Back,0,Ball-Playing Libero,0.6971517872804964,-0.2333263925133694,0.14658452381252643,-0.372633337540416,-0.19056238339906298,0.0462804830079936
32164,Jordan Jesús Silva Díaz,Querétaro,2022/2023,Left Centre Back,1,Aggressive Stopper,-0.12130571901143326,0.649222246321048,-0.6344362229507741,-0.16997820258986465,0.021407595661585885,-0.03911758188357831
35037,Miguel Ángel Tapias Dávila,Pachuca,2022/2023,Left Centre Back,1,Aggressive Stopper,0.035042827746824275,0.2658461128056765,-0.834911672869359,-0.14566950510319382,-0.09871807172213554,0.2610303165989981
47213,José Castillo Pérez,Pachuca,2022/2023,Right Centre Back,1,Aggressive Stopper,0.18816896375908926,0.6963111335439927,0.2119197079478769,-0.06608433784626733,-0.2888542535531448,-0.27274345568417796
274864,Paul Bellón Saracho,León,2022/2023,Left Centre Back,2,Positional Blocker,-0.31128785095484696,0.16679586034215485,0.41825452683686304,0.16264782145777443,-0.3369201008279201,-0.04627490260880037
26317,Adrián Mora Barraza,Juárez,2022/2023,Left Centre Back,1,Aggressive Stopper,0.43256989993206,0.518829157181096,-0.28404921570912806,-0.02583428952018281,0.13881040949444365,0.35212855330405385
5564,Carlos Joel Salcedo Hernández,Juárez,2022/2023,Left Centre Back,0,Ball-Playing Libero,-0.2722648397535598,-0.20805500375899652,-0.582455769843881,0.5039273090171856,0.3647544043926819,-0.0479139781577211
26268,Alexis Francisco Peña López,Necaxa,2022/2023,Right Centre Back,0,Ball-Playing Libero,0.1837476021520904,-0.44566799765142223,-0.4806559902892695,-0.3702082702725627,-0.25972637660636055,0.049497304713728485
27952,Luis Fernando Quintana Vega,Necaxa,2022/2023,Left Centre Back,2,Positional Blocker,-0.48530416351978267,-0.21364475145569733,-0.6258506827537489,-0.11459581655446736,0.12379615002822417,-0.1384597801071707
33126,Israel Reyes Romero,América,2022/2023,Right Centre Back,1,Aggressive Stopper,-0.4407405969321164,0.5757814223728197,-0.3667371503229025,0.2557897983145878,-0.05102188534984655,0.35066479681106083
11388,Néstor Alejandro Araújo Razo,América,2022/2023,Right Centre Back,2,Positional Blocker,-0.6975068073152539,-0.052726182437798565,-0.5256902131878947,-0.05915966574414171,-0.14527684263855478,0.19664691781057797
31315,Gilberto Sepúlveda López,Guadalajara,2022/2023,Right Centre Back,0,Ball-Playing Libero,0.41504134892421335,-0.4792470522935642,-0.5667666639705884,0.06572315128685559,-0.13755906768546852,0.07803185072506627
52244,Luis Alejandro Olivas Salcedo,Guadalajara,2022/2023,Left Centre Back,0,Ball-Playing Libero,-0.2656066384864811,-0.057514331863722186,-0.04969491463865857,0.6541984200828821,0.08556590665960132,0.11662370068743445
111731,Jesús Gilberto Orozco Chiquete,Guadalajara,2022/2023,Left Centre Back,1,Aggressive Stopper,0.2978192367785183,0.5014171276998934,0.7075142483916285,-0.08480846855799379,-0.317501064569725,-0.0027829981810584136
32916,Diego Eduardo De Buen Juárez,Puebla,2022/2023,Right Centre Back,2,Positional Blocker,0.011551609989126663,-0.22010986000525393,0.560204386976913,-0.381166278762179,-0.012044866978228473,0.5154359094344256
136587,Rafael Guerrero Ramirez,Cruz Azul,2022/2023,Right Centre Back,1,Aggressive Stopper,-0.3162718577949173,0.48735146813788766,-0.1741687816996743,0.6070348692253015,0.015615808482582774,0.21714742520116662
26302,Hugo Isaac Rodríguez De La O,Santos Laguna,2022/2023,Left Centre Back,0,Ball-Playing Libero,0.46530867849260493,-0.5091949332244128,-0.46557479016816816,0.06481458324241224,-0.4194721058180644,0.1609358291027787
26259,Hiram Ricardo Mier Alanis,Guadalajara,2022/2023,Centre Back,0,Ball-Playing Libero,-0.12114213866679205,-0.60724087121673,-0.16949323498279073,0.17041935770526903,-0.4987509583186749,-0.25587007065512507
10570,Antonio Briseño Vázquez,Guadalajara,2022/2023,Left Centre Back,0,Ball-Playing Libero,0.1366246593744344,-0.4792321284962536,-0.5399934533589121,-0.4811867541618055,-0.0043420681929785794,-0.21294496174492575
37899,Jesús Everardo Rubio Quintero,Tijuana,2022/2023,Left Centre Back,1,Aggressive Stopper,0.8171649469422346,-0.13879996028915373,0.19113474009660822,0.15319437423513085,0.1408218496641721,-0.3423001900997503
359721,Rodrigo Godínez Orozco,Tijuana,2022/2023,Right Centre Back,0,Ball-Playing Libero,0.685004194009707,-0.3569379707410411,-0.07427974325855376,-0.21801945455610072,-0.2553635774958833,0.13975166859946758
43476,Victor Andrés Guzmán Olmedo,Tijuana,2022/2023,Right Centre Back,0,Ball-Playing Libero,0.5555417220920029,-0.7184057142900777,0.00237146372817926,0.11842529188689731,-0.03419070407653797,0.06617608885088694
91049,Rodrigo Parra Vázquez,Tijuana,2022/2023,Right Centre Back,1,Aggressive Stopper,0.6617501686933378,0.26869513803415285,0.4022185735563357,0.06502753833551288,0.2241035247582178,0.08680515955042968
26327,Julio César Domínguez Juárez,Cruz Azul,2022/2023,Right Centre Back,2,Positional Blocker,-0.5938588178912283,0.12765637528842402,0.44910716063731776,0.47259362325745546,-0.2453496022217116,-0.04565533609015546
43476,Victor Andrés Guzmán Olmedo,Monterrey,2022/2023,Right Centre Back,0,Ball-Playing Libero,0.20287856094591103,-0.5964501589879684,0.0915347178081833,0.03871858297156705,-0.17312667826850353,-0.29306773752070975
26285,George Ulises Corral Ang,Puebla,2022/2023,Right Centre Back,0,Ball-Playing Libero,-0.2163129648498694,0.013481235756347949,0.4849435535273181,0.44966732420135924,0.2603103258468626,0.07348145527241487
296106,Rafael Eduardo Fernández Inzunza,Querétaro,2022/2023,Left Centre Back,1,Aggressive Stopper,0.2200378712995972,0.3848594613357401,0.7237469763111083,-0.24957295195734583,-0.0026035121897961372,0.024563828817685207
43314,Daniel Ángel Cervantes Fraire,Querétaro,2022/2023,Right Centre Back,1,Aggressive Stopper,0.5898791175769242,0.09488000933648387,0.5080254784408493,0.34469947298143905,-0.2831207496379078,0.05419023299055252
50551,Luis Gustavo Sánchez Saucedo,Monterrey,2022/2023,Left Centre Back,2,Positional Blocker,-0.3715401089920322,0.21757015723772619,0.14558252128414573,-0.0689377030738832,-0.27101983953387104,0.3662120911636906
26368,César Jasib Montes Castro,Monterrey,2022/2023,Right Centre Back,2,Positional Blocker,-0.2053654785226651,-0.0641572976765021,-0.16189918753339158,-0.05645276144267171,-0.736521055296008,-0.4442441991744162
5573,Héctor Alfredo Moreno Herrera,Monterrey,2022/2023,Left Centre Back,2,Positional Blocker,-0.2731230306736007,-0.697434132285702,-0.006855860005448598,0.23804159227129185,-0.40462139023390664,0.380817584765345
281363,Julio Alejandro Pérez Lores,Pachuca,2022/2023,Right Centre Back,2,Positional Blocker,-0.10585558569741163,-0.11328747491369352,-0.26495932711629544,-0.4515804508683559,-0.5652680133019776,-0.12764620314912958
32164,Jordan Jesús Silva Díaz,Cruz Azul,2022/2023,Right Centre Back,1,Aggressive Stopper,0.27783556211868565,0.30326199031874485,-0.4427070720351049,0.3962739718555965,0.0411514229814917,-0.17481292743092422
24074,Oswaldo Alanís Pantoja,Mazatlán,2022/2023,Left Centre Back,0,Ball-Playing Libero,-0.2891980869028265,-0.6212914807921708,-0.23695517673486982,0.524613133994701,0.04262046358738726,-0.07330255380990482
35036,Efraín Orona Zavala,Mazatlán,2022/2023,Left Centre Back,0,Ball-Playing Libero,0.39040580244598483,-0.8017351072448254,-0.045303055221421105,-0.061044119692004836,-0.11556184746194348,-0.12891637764800695
133836,Arturo Ortíz Martínez,Pumas UNAM,2022/2023,Right Centre Back,2,Positional Blocker,-0.7844160267866774,0.3396491135052699,0.11118733177354072,-0.20102663049309188,-0.20741250954831544,-0.15116750975429574
337757,Miguel Ángel Vázquez García,América,2022/2023,Left Centre Back,1,Aggressive Stopper,0.5913479428048115,0.3353499415198273,0.0948806728171615,0.40427925981399887,-0.17216322788192537,0.2189981571348598
36167,Ramón Juárez Del Castillo,Atlético San Luis,2022/2023,Left Centre Back,0,Ball-Playing Libero,0.3043001576747893,-0.7016255861490367,0.02366938459226457,0.3890579042372261,0.2102277324078235,-0.1110204172403707
35861,Valber Roberto Huerta Jerez,Toluca,2022/2023,Left Centre Back,1,Aggressive Stopper,-0.4989817843815903,0.10615876272453197,-0.6187922817035607,0.42856042525010346,0.10451805889828636,0.21651474397986667
26256,Igor Lichnovsky Osorio,Tigres UANL,2022/2023,Right Centre Back,1,Aggressive Stopper,-0.28956296579594176,0.2425649546690418,-0.6767843443464847,0.28006647538063906,-0.04000274174808872,0.1398342728536638
36144,Nicolás Andrés Díaz Huincales,Tijuana,2022/2023,Left Centre Back,1,Aggressive Stopper,0.03656882242346502,0.9088482385201954,0.10035551097163853,-0.3338248027671652,-0.013402876719623032,-0.09658884655846238
28434,Sebastián Ignacio Vegas Orellana,Monterrey,2022/2023,Left Centre Back,0,Ball-Playing Libero,0.17892866888552178,-0.16098721982213945,0.3609243242801259,0.32009664088484313,-0.6736330786801696,-0.33007054757443316
7794,Samir Caetano de Souza Santos,Tigres UANL,2022/2023,Left Centre Back,1,Aggressive Stopper,-0.2594560853975776,0.5012991503126883,-0.7160415501663033,-0.053494343966093476,0.1338307461165139,0.08174184965680618
4418,Matheus Dória Macedo,Santos Laguna,2022/2023,Left Centre Back,0,Ball-Playing Libero,0.38219804832234294,-0.04327660793946823,0.04835051087745708,-0.38661232702396964,-0.7616140464774792,0.3419965020390363
78286,Lucas Jaques Varone Maia,Puebla,2022/2023,Left Centre Back,0,Ball-Playing Libero,0.5091814389611884,-0.2954324331078898,-0.0612732208154015,-0.5916037706234404,0.25446847375863463,0.07572059058511445
26408,Víctor Emanuel Aguilera,Atlas,2022/2023,Right Centre Back,1,Aggressive Stopper,0.1468676662298774,0.16398326485312398,-0.6536947286229605,0.46501354072134465,0.025958658108080027,-0.43162444384441967
28425,Hugo Martín Nervo,Atlas,2022/2023,Left Centre Back,0,Ball-Playing Libero,0.1531347392656012,-0.5889530314973329,-0.6045210172621747,0.05309302477590214,0.08329660310954443,0.10670108868143631
6794,Gustavo Daniel Cabral Cáceres,Pachuca,2022/2023,Right Centre Back,1,Aggressive Stopper,-0.028889268392952184,0.20523026038986242,-0.6786210793997587,-0.06107842997193605,-0.1609003399538447,-0.423293904134701
35545,Adonis Uriel Frías,León,2022/2023,Centre Back,2,Positional Blocker,-0.31622961699368735,0.21797138606241065,-0.33731253123708815,-0.22614825558706847,0.17317182081440058,0.4991117688149693
27795,Juan Pablo Segovia González,Necaxa,2022/2023,Left Centre Back,0,Ball-Playing Libero,-0.19923102053699102,-0.3229878161913787,-0.09493948615129098,0.6593642301992174,-0.17838266751773554,0.23095865502363652
4629,José Ramiro Funes Mori,Cruz Azul,2022/2023,Left Centre Back,2,Positional Blocker,-0.5826511874748587,-0.1815944381460864,-0.5804822374117474,-0.025386614003531188,-0.18088891215587202,0.3260725334146573
30806,Lisandro Ezequiel López,Tijuana,2022/2023,Right Centre Back,0,Ball-Playing Libero,0.16485210749689674,-0.022787259750728442,-0.5374164724474177,-0.41971959247135643,0.12217770869391649,-0.540912313623044
29199,Miguel Ángel Barbieri,Querétaro,2022/2023,Left Centre Back,0,Ball-Playing Libero,0.43024269158375356,-0.24515981809995596,0.10513139562038647,-0.7186814900554982,-0.12969167075934826,-0.05690032225116073
33113,Facundo Ezequiel Almada,Mazatlán,2022/2023,Right Centre Back,0,Ball-Playing Libero,0.27986444120912646,-0.426471755536683,0.12427982455976844,-0.47481125889211867,0.09658722018612682,-0.15842313034337385
8477,Nicolás Omar Freire,Pumas UNAM,2022/2023,Left Centre Back,0,Ball-Playing Libero,-0.01775822717026904,-0.006863517768240798,-0.5125549824016609,-0.632736441253002,-0.1723245173245541,0.35240672287309227
8818,Jorge Meré Pérez,Mazatlán,2022/2023,Right Centre Back,0,Ball-Playing Libero,0.06058094394822347,-0.30604425927449264,-0.24409482291896015,0.2904663415021716,0.581345325604203,-0.5406842603137587
27967,Unai Bilbao Arteta,Atlético San Luis,2022/2023,Left Centre Back,0,Ball-Playing Libero,0.21939484923168243,-0.8150735406032503,-0.3195016057378256,-0.1424280359775773,-0.16257893037311733,0.04667086099656331
6869,Alejandro Arribas Garrido,Juárez,2022/2023,Right Centre Back,1,Aggressive Stopper,0.35049601840075406,0.1535856488485621,-0.6252411881960092,0.3834440522079968,0.43569793081128755,0.11409115782549614
26272,Ventura Alvarado Aispuro,Mazatlán,2023/2024,Left Centre Back,2,Positional Blocker,-0.4319097005600059,-0.551228925635418,-0.17559536015718005,-0.11001771351719941,-0.22543820487562394,-0.3880106356691676
30747,Jhon Carlos Chancellor Cedeño,Necaxa,2023/2024,Left Centre Back,0,Ball-Playing Libero,0.3899474159047682,-0.32553536975421193,0.14899477011669027,-0.1752445057814713,0.3819545552174671,-0.27447390416879963
30111,Felix Eduardo Torres Caicedo,Santos Laguna,2023/2024,Right Centre Back,1,Aggressive Stopper,0.6320448033455892,0.039219779742385365,-0.6763403050717414,-0.17658095524510203,-0.20725664474369715,0.05047586693005548
386286,Norman Andres Micolta Arroyo,Pachuca,2023/2024,Left Centre Back,0,Ball-Playing Libero,0.03703897472474249,-0.07601525248942105,-0.08419307574965647,-0.24552851709615145,0.12288667948562211,-0.37639483634638804
5600,Francisco Javier Calvo Quesada,Juárez,2023/2024,Left Centre Back,0,Ball-Playing Libero,-0.009607999102314706,-0.053802472749605354,-0.5957841974236058,-0.3306464539012539,0.1504475475877694,0.0037550869761582904
5738,Anderson Santamaría Bardales,Atlas,2023/2024,Right Centre Back,2,Positional Blocker,-0.5397728419857853,-0.21302332539695357,0.376525913488217,-0.1446716791065814,0.40997105733418604,0.2948101678261271
28617,Andrés Felipe Mosquera Guardia,Toluca,2023/2024,Right Centre Back,2,Positional Blocker,-0.92979188439551,0.020299772920457405,-0.11430707274199471,0.03953592379007993,-0.08881518096596056,-0.016421827292650185
29597,Jaine Stiven Barreiro Solis,León,2023/2024,Right Centre Back,2,Positional Blocker,-0.29171548147968657,-0.08790142453354216,0.2303768264182702,-0.5592513652804619,-0.41435045118354036,0.0016041464700178908
28520,William José Tesillo Gutiérrez,León,2023/2024,Left Centre Back,2,Positional Blocker,-0.5940952624984314,0.31194330688269906,0.20812645717895112,-0.28204204737486377,-0.6112399194648258,-0.031072448867525974
48870,Moises Castillo Mosquera,Juárez,2023/2024,Right Centre Back,1,Aggressive Stopper,-0.11298673181822413,0.30009336610865,-0.011379615528093964,-0.04834710309044138,0.7167649891547254,-0.2347440726576987
27354,Kevin Alexander Balanta Lucumí,Tijuana,2023/2024,Right Centre Back,2,Positional Blocker,-0.28205461699248496,-0.3422621655678556,0.6769778880796589,0.1929835271672052,-0.12016138257432708,0.22984006887576103
27174,Willer Emilio Ditta Pérez,Cruz Azul,2023/2024,Right Centre Back,2,Positional Blocker,-0.9220434899602171,0.07147955596950052,-0.11303914092316432,0.02939949608599601,-0.20688858015131614,0.14615208348050557
37360,Andrés Federico Pereira Castelnoble,Toluca,2023/2024,Right Centre Back,2,Positional Blocker,-0.9208208040615283,0.08499673647667136,-0.0750234572366156,-0.20118222965983254,-0.1482033292391385,0.1293910830536732
28289,Gastón Alexis Silva Perdomo,Puebla,2023/2024,Left Centre Back,2,Positional Blocker,-0.7711082810121273,-0.20663430476718112,-0.11832496540303598,-0.09516960141140444,0.18797924254111478,-0.12789621492190525
43553,Emanuel Gularte Méndez,Querétaro,2023/2024,Right Centre Back,0,Ball-Playing Libero,0.6681809817960981,-0.5146723850651153,0.20232840607323252,-0.14070403392762443,-0.42167777707583337,0.008001118838226875
400550,Gonzalo Nahuel Pelúa Páez,Juárez,2023/2024,Left Centre Back,1,Aggressive Stopper,0.22945179575232613,0.1896680987371337,0.450837542722347,0.25139036313237273,0.2033941850140584,0.23329019652747368
36296,Fabricio Orosmán Formiliano Duarte,Necaxa,2023/2024,Centre Back,0,Ball-Playing Libero,0.2209601498184235,-0.6687641610891679,-0.31200224207479743,0.372768134501869,0.11922211108875211,-0.22035616272791944
35690,Sebastián Enzo Cáceres Ramos,América,2023/2024,Left Centre Back,2,Positional Blocker,-0.7278837900240054,0.2701197108278232,-0.1367705600010083,-0.1243322457887752,-0.4379876944832191,0.2053604470686951
28159,Juan Marcelo Escobar Chena,Cruz Azul,2023/2024,Centre Back,2,Positional Blocker,-0.6703908761099479,0.48640599583277444,-0.18902122083565462,-0.39701674737354004,0.039216548064874776,-0.12809939870133122
28159,Juan Marcelo Escobar Chena,Toluca,2023/2024,Right Centre Back,2,Positional Blocker,-0.69200534713685,-0.32800199020332665,-0.3852574947731055,-0.078307353264675,-0.07967969661542738,-0.32790067498906716
280913,Sebastián Olmedo Pereira,Puebla,2023/2024,Right Centre Back,2,Positional Blocker,-0.47326449134725995,-0.1703629321742685,0.32771941898016504,-0.40149347114924966,0.4814622640364552,0.34869203796355097
405970,Edson Norberto Velázquez Mata,Mazatlán,2023/2024,Left Centre Back,0,Ball-Playing Libero,0.08738687783830659,-0.005240664329967816,0.41494777156269536,0.26620893397261514,0.4429587961153304,-0.07293468709141793
50551,Luis Gustavo Sánchez Saucedo,Mazatlán,2023/2024,Left Centre Back,0,Ball-Playing Libero,0.037745025622306805,-0.7254000249302692,0.09222534730277605,0.21446944340521026,-0.5429652880607418,-0.17921367270684363
28535,Néstor Vicente Vidrio Serrano,Mazatlán,2023/2024,Left Centre Back,0,Ball-Playing Libero,0.4370586113554297,-0.4959641613266285,0.09442284367128867,-0.4898025260047711,-0.14697269785854977,-0.20117034115645058
359504,Eduardo Águila Castro,Atlético San Luis,2023/2024,Left Centre Back,1,Aggressive Stopper,0.6112598529862998,0.11897056219880944,0.1944956586203961,-0.26060615430896394,-0.34775729540536715,-0.31782744462841744
26327,Julio César Domínguez Juárez,Atlético San Luis,2023/2024,Right Centre Back,2,Positional Blocker,-0.6661985222817643,-0.578450502335191,-0.053138059171688096,0.33852432645634917,0.16404776539191027,0.09874980708597769
32164,Jordan Jesús Silva Díaz,Atlético San Luis,2023/2024,Right Centre Back,2,Positional Blocker,-0.7475381156595615,0.08800111838775419,-0.39213922128768475,-0.38948578196327205,-0.1707893182530214,-0.03842291838794403
26302,Hugo Isaac Rodríguez De La O,Santos Laguna,2023/2024,Right Centre Back,0,Ball-Playing Libero,0.14109965818570472,-0.4242624474108737,0.4185482415762787,0.026172637870909017,0.32496910914518035,-0.03324543579765957
26376,Ronaldo De Jesús Prieto Ramírez,Santos Laguna,2023/2024,Left Centre Back,0,Ball-Playing Libero,0.5329122496976388,-0.39826590044746035,0.2109406782948208,-0.08566860502130563,-0.37670912095526443,0.002968387361333601
133836,Arturo Ortíz Martínez,Pumas UNAM,2023/2024,Left Centre Back,2,Positional Blocker,-0.3197639502008768,-0.09918125342325229,-0.05300902803116584,-0.693943729451587,-0.31948193632953925,0.2719635554094969
46156,José Ricardo Galindo Gutiérrez,Pumas UNAM,2023/2024,Left Centre Back,2,Positional Blocker,-0.5405195184846535,-0.20616520008185546,0.3429070807385573,0.1223334557325376,-0.14705130406784095,-0.1662302407165869
369881,Mateo Alberto Casares Vázquez,Pumas UNAM,2023/2024,Left Centre Back,0,Ball-Playing Libero,0.052372986316677965,-0.6065850808803837,0.18518017199819262,0.13399239218687975,0.3626225130460433,0.4158672386958525
26317,Adrián Mora Barraza,Toluca,2023/2024,Left Centre Back,0,Ball-Playing Libero,-0.32657256844450316,-0.34618116169619245,0.21593081712055776,0.605008456818748,0.30357711187530684,0.47093741104037307
32713,Juan José Sánchez Purata,Tigres UANL,2023/2024,Left Centre Back,2,Positional Blocker,-0.5581197243660427,-0.19870366921091606,-0.043672728798195455,-0.07790233539526087,-0.02423843109902446,0.47315628572660967
16539,Diego Antonio Reyes Rosales,Tigres UANL,2023/2024,Left Centre Back,2,Positional Blocker,-0.7589797767486071,-0.0761971806658115,-0.3131961017235017,0.0046125830410312,0.2163328662249866,0.16192519810215014
31434,Carlos Alejandro Robles Jiménez,Atlas,2023/2024,Right Centre Back,2,Positional Blocker,-0.4118678323878187,0.05463663934584842,-0.31667795896463624,-0.5988297163027199,-0.33699505317684075,0.16578186281737556
35036,Efraín Orona Zavala,Puebla,2023/2024,Left Centre Back,0,Ball-Playing Libero,0.45031936520027155,-0.4222599118788409,0.21585621403990263,-0.5815399788138903,-0.27707109179509726,-0.12666793360649112
26354,Edson Antonio Gutiérrez Moreno,Monterrey,2023/2024,Right Centre Back,1,Aggressive Stopper,-0.02055173070038121,0.12140365592638781,0.10680186036714134,0.31132069311463767,0.3947592908966768,-0.010851155666291136
5573,Héctor Alfredo Moreno Herrera,Monterrey,2023/2024,Left Centre Back,2,Positional Blocker,-0.7318983184848268,-0.2456642480110803,-0.0729651624828884,0.5099843451817904,-0.18386910454921335,0.09844609077041541
47114,Antonio Leone,Monterrey,2023/2024,Right Centre Back,0,Ball-Playing Libero,-0.04473283446222773,-0.42860383071480046,0.2545585154640469,0.6838171879569407,0.07904951927556951,0.15408771886610279
43476,Victor Andrés Guzmán Olmedo,Monterrey,2023/2024,Right Centre Back,2,Positional Blocker,-0.8071221005006565,0.20638535612567835,-0.32019495920083224,0.06533414629026293,-0.009049675386455737,0.12988596311132153
337616,Óscar Gibram Manzanarez Pérez,Querétaro,2023/2024,Left Centre Back,0,Ball-Playing Libero,0.37981610706622565,-0.3786850615561908,0.6318912903788941,-0.056092339275132935,-0.2979823241909009,-0.22570719625065597
274864,Paul Bellón Saracho,León,2023/2024,Left Centre Back,2,Positional Blocker,-0.4351318472851968,-0.5505285150675792,0.1305731555615761,-0.20198378646630638,0.39211621241237476,0.2793115985233041
111731,Jesús Gilberto Orozco Chiquete,Guadalajara,2023/2024,Left Centre Back,2,Positional Blocker,-0.4544813202607765,-0.3171212630752536,0.3636085011271262,-0.06893286826740333,-0.22588861488233694,0.24444349473473959
131162,José Juan García Manríquez,Juárez,2023/2024,Left Centre Back,0,Ball-Playing Libero,0.2492952178428872,-0.5599612249162647,-0.3568438119730044,-0.13856608258030445,0.1436910753866265,-0.34498380475103557
34361,Óscar Haret Ortega Gatica,Juárez,2023/2024,Left Centre Back,2,Positional Blocker,-0.2875257949482334,-0.10440405256687683,-0.39064667771170286,-0.4509597649181188,-0.3399389858659309,-0.3856079264534409
10570,Antonio Briseño Vázquez,Guadalajara,2023/2024,Right Centre Back,0,Ball-Playing Libero,0.1625512575406148,-0.5429979445427611,-0.4940316538463113,-0.446458283420725,-0.0609573899911316,-0.14779260300962935
274994,Raúl Alejandro Martínez Ruiz,Guadalajara,2023/2024,Right Centre Back,0,Ball-Playing Libero,0.34572647727490524,-0.5828233485016964,0.40420136648210186,-0.10914462759120609,0.07260426376859636,0.2513514868999616
26259,Hiram Ricardo Mier Alanis,Guadalajara,2023/2024,Centre Back,0,Ball-Playing Libero,0.32228048242218177,-0.30607378766572135,0.39430455899742284,0.28397246877199667,-0.18220619439327085,0.21179303351508025
5564,Carlos Joel Salcedo Hernández,Cruz Azul,2023/2024,Centre Back,2,Positional Blocker,-0.6909910847585776,-0.3504718565154687,-0.37892838160344805,0.21974964812817144,-0.03511937167287917,-0.1022392250571954
399886,Alan Imanol Zubiri Silva,Cruz Azul,2023/2024,Left Centre Back,1,Aggressive Stopper,-0.11219032314664809,0.5151535032356204,-0.3336878785348919,0.15127785294592888,0.3429327223602825,-0.2875243101718344
52244,Luis Alejandro Olivas Salcedo,Mazatlán,2023/2024,Left Centre Back,2,Positional Blocker,-0.7157053919470131,-0.2700413780791088,0.03885152439547388,-0.3556424897141961,-0.37775656151948467,-0.029624232196270067
359721,Rodrigo Godínez Orozco,Tijuana,2023/2024,Centre Back,0,Ball-Playing Libero,0.1995501408869931,-0.350235896357559,-0.085379879919141,0.22412949121279477,0.3036137910038904,0.5127239762326081
296106,Rafael Eduardo Fernández Inzunza,Tijuana,2023/2024,Right Centre Back,0,Ball-Playing Libero,0.054842090587001686,-0.05832708027169791,0.5546766703274892,-0.6615551594576277,-0.22793883303144064,-0.272383122854496
99243,Cristian Ramón Jiménez Ducloux,Cruz Azul,2023/2024,Left Centre Back,1,Aggressive Stopper,-0.26801308213915676,0.25320800834868085,0.46556617159702723,0.5830503686993873,0.35232910546969315,-0.03730154451684227
136587,Rafael Guerrero Ramirez,Cruz Azul,2023/2024,Right Centre Back,2,Positional Blocker,-0.1124610784398542,0.37102668546796425,0.41164764235764206,-0.3102419388280641,-0.13331107727267769,0.1991713050131048
133836,Arturo Ortíz Martínez,Juárez,2023/2024,Right Centre Back,1,Aggressive Stopper,0.5920643721369518,0.21280006957726233,0.2505373516797558,-0.30892379752326615,0.3711169740153821,0.0896062704191185
76239,Jesús Fernando Piñuelas Sandoval,Toluca,2023/2024,Right Centre Back,2,Positional Blocker,-0.6251095936362555,-0.07754235550963678,0.09204213531079418,-0.11362545237426011,-0.2071242605465606,-0.4482732379407718
43309,Alán Isidro Montes Castro,Necaxa,2023/2024,Left Centre Back,0,Ball-Playing Libero,0.5303434569741876,-0.3829309237713723,0.05442345566419065,-0.6290980785181443,-0.16636293753114426,0.2724412910081564
26268,Alexis Francisco Peña López,Necaxa,2023/2024,Right Centre Back,0,Ball-Playing Libero,0.4364606918640225,-0.6939218333796705,0.279905969404307,0.09041461936051397,-0.1293047073544943,-0.10605160764766779
11388,Néstor Alejandro Araújo Razo,América,2023/2024,Right Centre Back,2,Positional Blocker,-0.516441896957087,0.411269213102199,-0.2890154014319212,-0.3664761042512892,-0.1318236721127735,-0.1318497204655941
36167,Ramón Juárez Del Castillo,América,2023/2024,Left Centre Back,2,Positional Blocker,-0.5323549064666189,-0.35175901597869924,-0.3401498509015912,-0.3471545493819171,-0.2919010443044819,0.17246632296748737
33126,Israel Reyes Romero,América,2023/2024,Right Centre Back,2,Positional Blocker,-0.6850626813387867,0.24864217980605569,-0.10671476845948429,0.4224449085221464,-0.31173778996820745,-0.17406464055909418
88193,Alfredo Gutierrez Soberanes,Necaxa,2023/2024,Left Centre Back,1,Aggressive Stopper,0.12764216730549469,0.4775524366060864,0.7397874589952835,0.2117559353831776,-0.1908281300397107,-0.11961879355779585
31315,Gilberto Sepúlveda López,Guadalajara,2023/2024,Right Centre Back,2,Positional Blocker,-0.39982262566621385,-0.3107274700754909,-0.35819112047161683,0.13741924544974626,0.12411871272300543,0.5063581254798243
30024,Jesús Alejandro Gómez Molina,Tijuana,2023/2024,Left Centre Back,2,Positional Blocker,-0.0446484770880326,0.32190428512663927,0.4736868103926805,-0.19602586337729197,-0.25855220971912857,0.4797093169813784
275557,Raymundo Rubio,Cruz Azul,2023/2024,Left Centre Back,0,Ball-Playing Libero,0.04934705725042004,-0.49552120956619355,0.3593254456868059,0.3727993227897355,0.21492166352449055,-0.08339004757635575
91049,Rodrigo Parra Vázquez,Tijuana,2023/2024,Right Centre Back,0,Ball-Playing Libero,0.002812446737706671,-0.4071420236203404,0.6123047013067383,0.37588333187918893,-0.0009080990425505441,0.026779853459017792
399872,Jorge Ernesto Berlanga Vázquez,Pachuca,2023/2024,Right Centre Back,0,Ball-Playing Libero,0.2451551744833578,-0.1835408470582005,0.26342434527100694,-0.26166423490870155,-0.14419545751359517,-0.6469054044544684
35861,Valber Roberto Huerta Jerez,Toluca,2023/2024,Left Centre Back,2,Positional Blocker,-0.8481851691034688,-0.08418560665430846,-0.3159143854228469,0.01890417363239199,-0.27560983826343777,-0.047958909606987336
28434,Sebastián Ignacio Vegas Orellana,Monterrey,2023/2024,Left Centre Back,2,Positional Blocker,-0.6635322190971001,0.1843199181667653,0.337580820603001,0.15351764195957923,-0.35403470766109574,-0.06370630465195538
36144,Nicolás Andrés Díaz Huincales,Tijuana,2023/2024,Left Centre Back,2,Positional Blocker,-0.49011503888235786,0.1973690909476291,0.44549514994922057,-0.568863486229706,0.054043456861770665,0.09710954654517426
26256,Igor Lichnovsky Osorio,América,2023/2024,Right Centre Back,2,Positional Blocker,-0.6529955281813311,-0.3513136099908738,-0.42095581835355295,-0.08153043517666775,-0.164322546953454,-0.26753660739094526
4418,Matheus Dória Macedo,Santos Laguna,2023/2024,Left Centre Back,0,Ball-Playing Libero,0.23150607515317337,-0.8296681980101915,-0.1001905087919249,0.08688819150029499,-0.05596305857645552,0.19971852788959238
44068,Nathanael Ananias da Silva,Pumas UNAM,2023/2024,Right Centre Back,2,Positional Blocker,-0.4880504089439964,-0.29620194652843995,0.017828186843386145,-0.3268763426036006,0.21963622360143709,0.42019547823926007
7794,Samir Caetano de Souza Santos,Tigres UANL,2023/2024,Left Centre Back,2,Positional Blocker,-0.8465223265126717,-0.012496228449127908,0.132243980877021,-0.1561149073267845,0.10948903562168324,-0.04648881890014166
31975,Lucas Gabriel Merolla,Mazatlán,2023/2024,Left Centre Back,0,Ball-Playing Libero,0.3336248252509038,-0.56755347903151,-0.2974977050228478,-0.48104609816684313,0.30356519835360174,-0.12327713139979658
50649,Bruno Amione,Santos Laguna,2023/2024,Left Centre Back,2,Positional Blocker,-0.48190224922773256,0.31241576279089456,0.507871355311307,-0.18984850825389119,0.16001290958247896,0.1580925324171029
23263,Lisandro Magallán,Pumas UNAM,2023/2024,Left Centre Back,2,Positional Blocker,-0.4376945706459999,-0.5322688141035673,-0.2199023601181579,-0.5828860533394327,0.1440842222702591,-0.06478330458706137
28425,Hugo Martín Nervo,Atlas,2023/2024,Right Centre Back,2,Positional Blocker,-0.33031182145949617,-0.591970675775481,-0.4674851808489957,-0.2507633396530662,-0.31323388491199916,0.11012739473029017
6715,Guido Hernán Pizarro,Tigres UANL,2023/2024,Right Centre Back,2,Positional Blocker,-0.7578513513441303,-0.019818605379985484,0.2670135146904904,0.28112714485068435,-0.0389036751371675,0.0861541633159869
29199,Miguel Ángel Barbieri,Querétaro,2023/2024,Left Centre Back,0,Ball-Playing Libero,0.6203166518247071,-0.22865831994434127,-0.23911473823975235,-0.564260861445956,-0.0851231186115783,-0.11027174286180871
6794,Gustavo Daniel Cabral Cáceres,Pachuca,2023/2024,Right Centre Back,0,Ball-Playing Libero,-0.07000446954149232,-0.42820483603251497,-0.6108900166084281,-0.20203974172513522,-0.0647585422899697,-0.1832396780132584
34581,Sergio Damián Barreto,Pachuca,2023/2024,Left Centre Back,0,Ball-Playing Libero,0.32884910786985344,-0.1742126093737679,-0.27517237946128925,-0.8010242215377874,-0.006908614272074051,-0.13956692260888584
35545,Adonis Uriel Frías,León,2023/2024,Right Centre Back,2,Positional Blocker,-0.7473800653653297,-0.3105975257901765,-0.1314600796570546,-0.18607146718995568,-0.09122562764436877,-0.009139452303728075
159151,Santiago Núñez,Santos Laguna,2023/2024,Right Centre Back,1,Aggressive Stopper,0.29572463354788386,0.36220902289591195,-0.36927425141565584,-0.4725835505288594,0.23620345508736867,0.476673769287519
28873,Gonzalo Rubén Piovi,Cruz Azul,2023/2024,Left Centre Back,2,Positional Blocker,-0.7338390771615876,0.5719601908455206,-0.04728499217650389,-0.03734871871948552,-0.16007725522504468,-0.0442457533243538
33113,Facundo Ezequiel Almada,Mazatlán,2023/2024,Right Centre Back,2,Positional Blocker,-0.5953160510205443,-0.65805837564451,0.0891135815509532,0.2585537063881066,-0.12110535270073507,0.12096850609506508
27967,Unai Bilbao Arteta,Atlético San Luis,2023/2024,Left Centre Back,2,Positional Blocker,-0.5805407458585188,-0.5488205199104198,-0.42220037177651704,-0.044238336780153736,-0.19462477788523488,0.12591211714601733
26272,Ventura Alvarado Aispuro,Mazatlán,2024/2025,Left Centre Back,0,Ball-Playing Libero,-0.19562201814620897,-0.2586138621130931,0.08883239495936891,0.4196300209606652,0.33017653996232293,-0.40928574392731754
51969,Jackson Gabriel Porozo Vernaza,Tijuana,2024/2025,Right Centre Back,2,Positional Blocker,-0.5305388390192151,0.2779692382206834,0.25266791233811725,-0.2890568564715886,0.09513287329222574,-0.21029333799251385
386286,Norman Andres Micolta Arroyo,Pachuca,2024/2025,Left Centre Back,0,Ball-Playing Libero,0.3469745257207805,-0.5974926423988521,0.04455924128996718,0.07354469726576243,0.2837970893413025,0.4779879534812996
5600,Francisco Javier Calvo Quesada,Juárez,2024/2025,Left Centre Back,2,Positional Blocker,-0.5312333523371892,-0.23460506046641297,0.128756923487069,-0.1300288768595151,-0.39538363831395684,0.3958326221444687
11634,Cristiano Piccini,Atlético San Luis,2024/2025,Right Centre Back,2,Positional Blocker,-0.26104984994474806,0.3429445901048192,0.785094016343071,0.1905701245089422,-0.0873399584958557,-0.1894069138837189
5738,Anderson Santamaría Bardales,Santos Laguna,2024/2025,Left Centre Back,2,Positional Blocker,-0.25769447306832394,-0.04564905242221826,0.6245156605180068,-0.16560383792998198,0.6007423317903099,0.20044288663081625
27174,Willer Emilio Ditta Pérez,Cruz Azul,2024/2025,Right Centre Back,2,Positional Blocker,-0.9174274733833607,0.1874967054622084,0.12658502073407288,-0.09441357551928663,0.037006604141094634,0.023607022942570898
27354,Kevin Alexander Balanta Lucumí,Tijuana,2024/2025,Right Centre Back,2,Positional Blocker,-0.6261200052118023,0.6074770072422054,-0.06833187143892132,-0.2988745148215534,0.011452140061323102,0.11246603129167228
26345,John Stefan Medina Ramírez,Monterrey,2024/2025,Right Centre Back,2,Positional Blocker,-0.9003559954696485,0.23974616884280953,-0.07965980350400671,-0.06707315701662311,-0.0003532175489386642,-0.09127812067374746
48870,Moises Castillo Mosquera,Juárez,2024/2025,Right Centre Back,2,Positional Blocker,-0.44580282663290266,0.32503157703195135,0.048498626068915376,-0.04157243586095496,0.5259278438763808,-0.38941075056372104
29597,Jaine Stiven Barreiro Solis,León,2024/2025,Right Centre Back,2,Positional Blocker,-0.16389764522228165,0.3830694800248117,0.32798243246545195,-0.62860863303019,-0.09952883192693582,-0.11250566570702254
27306,Jesús David Murillo Largacha,Juárez,2024/2025,Left Centre Back,2,Positional Blocker,-0.40070098242609253,0.060091860674963284,0.22660088080773896,-0.3095467484754783,0.5572890750383492,-0.20126760159837215
25502,Bruno Méndez Cittadini,Toluca,2024/2025,Right Centre Back,2,Positional Blocker,-0.8383518717647258,-0.21187498251198794,-0.1797184256660639,0.05589444170128706,-0.05772963670152583,0.0028763342759889105
37360,Andrés Federico Pereira Castelnoble,Toluca,2024/2025,Left Centre Back,2,Positional Blocker,-0.8162963928785086,0.16258076542411912,0.1694870237372634,-0.318239355561573,0.29055415870898865,0.1347431175807013
43553,Emanuel Gularte Méndez,Puebla,2024/2025,Right Centre Back,0,Ball-Playing Libero,0.5874245461852238,-0.5433622924550154,0.29807890785352303,-0.07372332525302737,-0.1403238316184,-0.24332796789817565
37916,Agustín Oliveros Cano,Necaxa,2024/2025,Left Centre Back,0,Ball-Playing Libero,0.2563821948178637,-0.7182655414488226,0.27820157328514294,0.3323039793097139,-0.2786926623728205,-0.003194255451883868
35690,Sebastián Enzo Cáceres Ramos,América,2024/2025,Left Centre Back,2,Positional Blocker,-0.5822793736397152,0.43969581993791346,0.06445879211607448,-0.5777037943249735,-0.07071863543735459,0.1428517016324401
280913,Sebastián Olmedo Pereira,Puebla,2024/2025,Centre Back,2,Positional Blocker,-0.5704382660381268,-0.48574780383205163,0.2835986091785171,-0.07099722489769487,-0.01143103046843205,0.2252782857460359
87600,José María Canale Domínguez,Querétaro,2024/2025,Left Centre Back,0,Ball-Playing Libero,0.3804956169168812,-0.7030197896537586,0.26078297388314,-0.03063436151362402,0.4232288257565348,0.10448665752859991
406600,Ramiro Franco Zambrano,Mazatlán,2024/2025,Right Centre Back,1,Aggressive Stopper,-0.18125404304914533,0.5477590999918586,0.3208523465152776,-0.03870967021308559,0.39794142745295846,-0.13538393188325706
30701,José Joaquín Esquivel Martínez,Mazatlán,2024/2025,Right Centre Back,0,Ball-Playing Libero,0.10922527075588663,0.19729408934103593,0.6358601703823058,-0.23442295890187234,-0.2643697528251992,0.5519065313856432
50551,Luis Gustavo Sánchez Saucedo,Mazatlán,2024/2025,Left Centre Back,0,Ball-Playing Libero,-0.014748833132385083,-0.5351571903776043,0.6313353258315639,0.2890505629114439,0.20254614946815147,-0.11625606405932039
459663,Ángel Alberto Leyva Serrano,Mazatlán,2024/2025,Right Centre Back,1,Aggressive Stopper,0.39549239739176173,0.23399042074160561,0.4158238413557975,0.0963631223705737,-0.19836709106900846,0.4486888189158945
26327,Julio César Domínguez Juárez,Atlético San Luis,2024/2025,Right Centre Back,2,Positional Blocker,-0.7115410395544132,-0.45324482410978784,0.10808167135911612,0.31566100538652514,-0.2583361533187223,-0.05028473929496726
275585,Miguel Alonso García Álvarez,Atlético San Luis,2024/2025,Right Centre Back,2,Positional Blocker,-0.4336083959113196,0.38740611043814,0.5581695276656105,0.28459356742014863,-0.018791032694712093,0.014202629375822437
31312,Aldo Jafid Cruz Sánchez,Atlético San Luis,2024/2025,Left Centre Back,2,Positional Blocker,-0.4175892410918277,-0.17357739573746775,0.45480690301180354,0.10200260221274672,-0.29103440964605265,-0.30981721242624777
30945,Ismael Govea Solorzano,Santos Laguna,2024/2025,Right Centre Back,1,Aggressive Stopper,0.14386354372909538,0.19022580716254836,0.7051850279471265,-0.04343642897844512,0.32702278045492345,-0.3550154441652553
26302,Hugo Isaac Rodríguez De La O,Santos Laguna,2024/2025,Left Centre Back,0,Ball-Playing Libero,0.22157691591368858,-0.15516040115428315,0.18234137680810747,0.15491706743095013,0.25151610569343114,-0.27743123436617634
427772,Jonathan Geovanni Pérez Sánchez,Santos Laguna,2024/2025,Right Centre Back,2,Positional Blocker,-0.3173565385082463,0.12593160534298034,0.6899497189581402,-0.2980325347481598,0.1767581191898034,0.033486257102452635
26354,Edson Antonio Gutiérrez Moreno,Santos Laguna,2024/2025,Right Centre Back,2,Positional Blocker,-0.6072059177239643,-0.4144755736924475,0.06692323185298071,-0.0013750292571642609,0.5032158292505146,0.12892130724711734
463885,Ángel Amhed Azuaje García,Pumas UNAM,2024/2025,Left Centre Back,0,Ball-Playing Libero,-0.015569735581969097,-0.4993493405212355,-0.33329040592512704,-0.18168375598466768,0.5645523674454611,-0.08953710189853836
136926,Pablo Bennevendo Peña,Pumas UNAM,2024/2025,Right Centre Back,1,Aggressive Stopper,0.061210196453005995,0.2508389309766655,0.7677796628458143,0.17377102323061938,-0.23151269742382966,-0.23536470466222895
228470,Everardo López,Toluca,2024/2025,Left Centre Back,2,Positional Blocker,-0.6823078248967696,0.07429965541008361,0.5208194925589216,0.3028853951029618,-0.040849562137701315,0.20689871085988276
76239,Jesús Fernando Piñuelas Sandoval,Toluca,2024/2025,Left Centre Back,0,Ball-Playing Libero,0.22588537897601407,-0.2655023788499968,0.5010164825280663,0.3918259210839576,-0.059887743721820035,0.09702169949752928
10570,Antonio Briseño Vázquez,Toluca,2024/2025,Right Centre Back,2,Positional Blocker,-0.6286895894666922,-0.027951425959076962,-0.3167313241670765,-0.1808702179962197,-0.5973624680942515,-0.11383190416933274
32713,Juan José Sánchez Purata,Tigres UANL,2024/2025,Centre Back,2,Positional Blocker,-0.47353184381800634,-0.08834795324971022,-0.12112984801020628,0.01123315709648521,0.28708898629175894,-0.21337755185006163
26317,Adrián Mora Barraza,Atlas,2024/2025,Left Centre Back,0,Ball-Playing Libero,0.44550377210202885,-0.0931376359101154,0.6330299259343972,-0.45605229735137615,-0.1261147676318753,0.17405237223851142
26386,Luis Francisco Romo Barrón,Cruz Azul,2024/2025,Centre Back,2,Positional Blocker,-0.5952033363992411,0.24782223613280566,0.4540546149549873,0.14888123791911337,-0.26243941291952444,-0.2878711423617973
43622,Erik Antonio Lira Méndez,Cruz Azul,2024/2025,Centre Back,2,Positional Blocker,-0.7728186606196926,0.25940699765351444,0.5066285157026773,0.1777149606869116,0.13893344346035016,0.015658881602587715
30024,Jesús Alejandro Gómez Molina,Tijuana,2024/2025,Left Centre Back,2,Positional Blocker,-0.37393959038037927,0.5551881276637031,0.5997602762013319,-0.035701003674865256,-0.2968176554367092,-0.14058021964626768
296106,Rafael Eduardo Fernández Inzunza,Tijuana,2024/2025,Right Centre Back,2,Positional Blocker,-0.4988400867152394,0.7289079144409916,0.1527543826213936,0.08165499457308506,-0.13830929643157958,-0.24640058643981616
406600,Ramiro Franco Zambrano,Tijuana,2024/2025,Right Centre Back,2,Positional Blocker,-0.1147823079452358,0.2376588201954198,0.6979553742496807,-0.19063099525267843,0.28557787043399235,-0.17014646254094623
99243,Cristian Ramón Jiménez Ducloux,Cruz Azul,2024/2025,Centre Back,2,Positional Blocker,-0.4397351509013582,-0.5496801612404104,0.05082492926285976,-0.14027852384631215,0.2747341073722077,0.03275243951613908
35036,Efraín Orona Zavala,Puebla,2024/2025,Left Centre Back,0,Ball-Playing Libero,0.46697749716747144,-0.39380609093038876,0.6815221747202672,-0.07809039612274503,-0.08163142133706645,0.21668192439065623
43476,Victor Andrés Guzmán Olmedo,Monterrey,2024/2025,Right Centre Back,2,Positional Blocker,-0.8247101261117483,-0.09751494341496102,-0.29123664985767617,-0.16796240000102908,0.2240502815520091,0.02411815106163971
47114,Antonio Leone,Monterrey,2024/2025,Right Centre Back,2,Positional Blocker,-0.22541329865108253,0.2190210275931608,0.15912964203297006,-0.1708609778985495,0.30053833379617734,-0.00016833466218654498
5573,Héctor Alfredo Moreno Herrera,Monterrey,2024/2025,Left Centre Back,2,Positional Blocker,-0.6688479815733082,-0.3719089455094125,0.1282194158323878,0.41198271672927755,-0.07671711731647742,0.3324401628701518
76239,Jesús Fernando Piñuelas Sandoval,Querétaro,2024/2025,Right Centre Back,0,Ball-Playing Libero,0.509630236781505,-0.30320066615828195,0.6106465323036361,0.19181255723434024,-0.08522149335180122,-0.05794022015078047
437138,Carlo Soldati López,Querétaro,2024/2025,Left Centre Back,0,Ball-Playing Libero,0.14462853171031204,-0.48835856501616315,-0.2368450078322402,-0.375791311995202,0.3597342908206508,-0.37699298439389883
52290,Daniel Alonso Aceves Patiño,Pachuca,2024/2025,Left Centre Back,2,Positional Blocker,-0.31213156740288145,0.05661226349768775,0.773213071811364,0.06980639506237356,0.38212799142268183,0.09328989807385461
337616,Óscar Gibram Manzanarez Pérez,Querétaro,2024/2025,Right Centre Back,0,Ball-Playing Libero,0.3148174906907358,-0.5879530742363539,0.39663982247616625,0.10529704379280308,0.3845495977852597,-0.14663156755216772
32705,Brayton Josué Vázquez Vélez,Querétaro,2024/2025,Left Centre Back,1,Aggressive Stopper,0.6589484869396425,-0.07410099672944118,0.4506817531369973,0.20344249337048417,-0.09505145592861514,-0.027051359680901513
34361,Óscar Haret Ortega Gatica,Juárez,2024/2025,Left Centre Back,0,Ball-Playing Libero,0.31353027934902933,-0.42512430629961345,0.48849607529963784,-0.21863303758437994,0.12258961603345704,-0.6052464690204221
274864,Paul Bellón Saracho,León,2024/2025,Left Centre Back,2,Positional Blocker,-0.33938564163359874,-0.43583475336078364,0.3940986508275885,-0.1725948437375918,0.3311776195879348,-0.27521287061985183
33126,Israel Reyes Romero,América,2024/2025,Right Centre Back,2,Positional Blocker,-0.7549943270330421,0.16446677899492118,-0.25316438476965425,0.46256704888874256,-0.07133067607757097,-0.08645964455027541
337757,Miguel Ángel Vázquez García,América,2024/2025,Left Centre Back,2,Positional Blocker,-0.7042647591444514,-0.1458813549026189,-0.09183143165586505,0.1946295373395224,-0.31998271837270226,-0.40514952396682097
44984,Alejandro  Andrade Rivera,Necaxa,2024/2025,Left Centre Back,0,Ball-Playing Libero,0.04798691817827118,-0.0502711728844274,0.7904007801916991,-0.046335377304190184,-0.17120372200556008,-0.43853150104354316
43308,Jesús Alberto Alcantar Rodríguez,Necaxa,2024/2025,Left Centre Back,1,Aggressive Stopper,0.7943769341849132,-0.06505569345607383,0.3791681777200743,0.24260077031935792,0.009750887179248848,0.11816524434214393
26268,Alexis Francisco Peña López,Necaxa,2024/2025,Centre Back,0,Ball-Playing Libero,0.032238021414671345,-0.8264406923830568,-0.056711307405574875,0.24641096522138617,0.18808691925368806,0.1972991510608065
43309,Alán Isidro Montes Castro,Necaxa,2024/2025,Right Centre Back,0,Ball-Playing Libero,0.674627436115006,-0.38418193374069204,0.41848068518507325,-0.25736404201840846,-0.14554744846784537,-0.027177358426743674
447117,Joshua Strimling Curiel,América,2024/2025,Centre Back,0,Ball-Playing Libero,0.1141677727407341,-0.02036502978579615,0.4990613008398024,0.2718177967112365,-0.6182915030319442,-0.2207923603365672
36167,Ramón Juárez Del Castillo,América,2024/2025,Right Centre Back,0,Ball-Playing Libero,-0.10348434279414792,-0.40466698840949267,-0.5843506117909131,-0.2095839464357702,-0.1853617150093882,0.253941754956159
11388,Néstor Alejandro Araújo Razo,América,2024/2025,Right Centre Back,2,Positional Blocker,-0.46941561187389386,-0.24414669030218686,-0.3163483394144225,-0.32683703462941033,0.428163574714226,0.0006209227202723251
31315,Gilberto Sepúlveda López,Guadalajara,2024/2025,Right Centre Back,2,Positional Blocker,-0.6565048715671631,-0.3632058125405638,0.01050420891669646,0.5341643604396986,0.11667400846406947,0.07709651890989754
274994,Raúl Alejandro Martínez Ruiz,Guadalajara,2024/2025,Left Centre Back,2,Positional Blocker,-0.6506474873792216,0.00884100313324446,0.6141562128842971,0.028415119923010126,0.02279900710631048,0.336298291787673
35037,Miguel Ángel Tapias Dávila,Guadalajara,2024/2025,Left Centre Back,2,Positional Blocker,-0.34202303495927394,-0.41734716779974573,0.6063021464593402,-0.02598551829394676,0.4421726761609272,0.2871393551946142
409157,Leonardo Sepulveda Morales,Guadalajara,2024/2025,Left Centre Back,1,Aggressive Stopper,0.11187545045090252,0.4417920876978087,0.3932700005950837,-0.6167352897347207,0.44723975954539075,-0.13910346432942294
404015,Víctor Hugo Ríos de Alba,Atlas,2024/2025,Right Centre Back,1,Aggressive Stopper,0.26825083772463565,0.4522191927685495,0.7233227721980774,-0.37256126934356565,0.21859572656764428,-0.2009396507050866
46156,José Ricardo Galindo Gutiérrez,Pumas UNAM,2024/2025,Right Centre Back,1,Aggressive Stopper,-0.050413000403253375,0.4649507054499716,-0.12930891399282543,0.271434921094545,0.07743336325492611,-0.3771258540926538
28560,Jair Alberto Díaz Vázquez,Mazatlán,2024/2025,Left Centre Back,0,Ball-Playing Libero,0.18592793179672545,-0.13168046980188958,0.8926507968042546,0.2360715146765138,-0.3097322989607194,-0.0857409093448362
464561,Christopher Paul Castro Ramírez,Mazatlán,2024/2025,Left Centre Back,1,Aggressive Stopper,0.24905231724056084,0.45781266721548836,0.7855326068561458,-0.16242894962867263,-0.18104734712549994,0.14179151382442412
75948,Luis Gabriel Rey Mejía,Guadalajara,2024/2025,Right Centre Back,0,Ball-Playing Libero,-0.20094321439143045,-0.16461032250773203,0.11921462505760617,-0.3697880889583846,0.1923540835903121,-0.4516968158673414
111731,Jesús Gilberto Orozco Chiquete,Guadalajara,2024/2025,Left Centre Back,2,Positional Blocker,-0.5700373707905997,-0.03422476322260721,-0.10094240923739078,0.1914835904840156,-0.03399823411239093,0.5117517530294285
359504,Eduardo Águila Castro,Atlético San Luis,2024/2025,Centre Back,2,Positional Blocker,-0.7480335843024765,-0.42155130204285807,-0.07336299882506785,-0.05541529189090726,0.29626584511545234,-0.07363165854947948
10570,Antonio Briseño Vázquez,Guadalajara,2024/2025,Right Centre Back,0,Ball-Playing Libero,-0.007088127729399969,-0.4614608186588411,-0.3643910983745527,-0.3560416478283872,-0.2516015072172399,0.1821440851956391
275853,Daniel Moisés Guillén Moreno,Atlético San Luis,2024/2025,Right Centre Back,2,Positional Blocker,-0.2908234558390534,-0.34012691249116256,-0.0055952864886425376,-0.13112729099904852,0.36510174578531623,0.5622558530591565
5564,Carlos Joel Salcedo Hernández,Juárez,2024/2025,Left Centre Back,2,Positional Blocker,-0.3795368613872142,-0.6078386574065404,-0.32959103423365627,0.17340486401214414,0.09383107730787067,-0.04191150872332235
131162,José Juan García Manríquez,Juárez,2024/2025,Right Centre Back,0,Ball-Playing Libero,0.024909345288462417,-0.37873283821934217,-0.03839233024688824,0.310188981018234,0.7357486869181553,-0.18981827515961464
111731,Jesús Gilberto Orozco Chiquete,Cruz Azul,2024/2025,Left Centre Back,2,Positional Blocker,-0.5190811251117798,0.1984924991613029,0.5920276825520088,0.0614864733721715,-0.3292079467168312,-0.06813515868434365
41777,Emilio Lara Contreras,Necaxa,2024/2025,Right Centre Back,0,Ball-Playing Libero,0.1764213888507089,-0.03454568950571872,0.558430267051527,0.23705296585227048,-0.08610174946961467,-0.05399993428337734
16539,Diego Antonio Reyes Rosales,Tigres UANL,2024/2025,Right Centre Back,2,Positional Blocker,-0.6117272189836432,-0.6182330453956172,-0.17360689071929672,0.07228608304725477,0.13642482513728665,-0.04440923548505337
422655,Diego Alejandro Delgadillo Sánchez,Guadalajara,2024/2025,Right Centre Back,1,Aggressive Stopper,0.664199647193718,0.0869921814283664,0.17331657957797444,0.3324242568444676,-0.5074423296393124,0.27158274881013755
399885,Jose Rodrigo Pachuca Martinez,Puebla,2024/2025,Right Centre Back,0,Ball-Playing Libero,0.3848679689450823,-0.29588935736465594,0.661604523771755,-0.22733937387774303,-0.14501978458624382,-0.010856078180635609
26256,Igor Lichnovsky Osorio,América,2024/2025,Left Centre Back,2,Positional Blocker,-0.43465504463265,-0.06743440922899267,0.18369530011966248,-0.6508820663947225,-0.1688746025904471,0.23846710554800163
7794,Samir Caetano de Souza Santos,Mazatlán,2024/2025,Centre Back,0,Ball-Playing Libero,-0.014121976118865854,-0.1126168159725003,0.13154766233878806,-0.32755566324235924,0.39446423177605555,-0.30612207748806475
44068,Nathanael Ananias da Silva,Pumas UNAM,2024/2025,Right Centre Back,2,Positional Blocker,-0.6932737895476656,-0.2450873104703498,0.16594425423878686,-0.09704161733221468,0.294715269357418,0.20869151961761215
4418,Matheus Dória Macedo,Atlas,2024/2025,Left Centre Back,0,Ball-Playing Libero,0.39583691665876053,-0.5491738901927238,0.4132402505535976,-0.04537956059026043,-0.2446769369283708,0.28457076593378156
25135,Luan Garcia Teixeira,Toluca,2024/2025,Left Centre Back,2,Positional Blocker,-0.7459502749372465,-0.295816922759541,-0.10746302589605329,0.44655736759816833,0.11287151813654918,0.07559126821411123
122902,Joaquim Henrique Pereira Silva,Tigres UANL,2024/2025,Left Centre Back,2,Positional Blocker,-0.5414441410679357,0.19478859651710806,-0.062049031212636475,-0.591123325687744,-0.06353239687800709,0.14637966052938375
37539,Romulo Zanre Zwarg,Tigres UANL,2024/2025,Centre Back,2,Positional Blocker,-0.48988252588110226,0.15763843143057443,0.6325373653506543,-0.054145128526550415,0.28305694110927265,-0.35242975708662133
122925,Eduardo Gabriel dos Santos Bauermann,Pachuca,2024/2025,Right Centre Back,2,Positional Blocker,-0.2704666025919493,-0.07197930403954285,0.008699947693103671,-0.30272935460562356,-0.1279723286028882,0.1788203383917532
31975,Lucas Gabriel Merolla,Mazatlán,2024/2025,Centre Back,0,Ball-Playing Libero,0.19096016730333445,-0.018383313970573637,-0.4942326571842393,-0.6121827525426263,0.26872838073178607,-0.03888172222358582
33113,Facundo Ezequiel Almada,Mazatlán,2024/2025,Right Centre Back,0,Ball-Playing Libero,0.16687909891918448,-0.47021589130885266,0.7193394878835285,0.38104750117545044,0.010775580304573693,-0.08520748201661615
50649,Bruno Amione,Santos Laguna,2024/2025,Left Centre Back,2,Positional Blocker,-0.040929059650324354,0.16911691486876038,0.6763747948134281,-0.40733159109672185,-0.04571453496836591,0.06593118863467565
159151,Santiago Núñez,Santos Laguna,2024/2025,Right Centre Back,0,Ball-Playing Libero,0.21114333714083716,-0.4331958351036531,-0.23528624869357367,-0.5309131466897385,0.4914166955012726,0.06695250460301883
23263,Lisandro Magallán,Pumas UNAM,2024/2025,Centre Back,2,Positional Blocker,-0.551630841425069,-0.31296571523021205,0.04278169394744207,-0.3637023188625333,-0.238748146395051,0.022318044146536847
6715,Guido Hernán Pizarro,Tigres UANL,2024/2025,Right Centre Back,2,Positional Blocker,-0.767486579503677,0.13454793249912297,0.5643670516503035,0.04478803899592044,-0.10565977983968837,0.07659584264706464
28425,Hugo Martín Nervo,Atlas,2024/2025,Right Centre Back,0,Ball-Playing Libero,0.40411924637273583,-0.7972891383335805,-0.04963551025737751,0.24139464251939216,0.10815940437446712,0.17677768350808878
28873,Gonzalo Rubén Piovi,Cruz Azul,2024/2025,Left Centre Back,2,Positional Blocker,-0.7143072866037767,0.6375182973476324,0.14327507690538585,-0.1242081726874517,-0.036263785997998156,-0.044893035242296486
424910,Juan Manuel Fedorco,Puebla,2024/2025,Centre Back,0,Ball-Playing Libero,0.5514859705616121,-0.1544422600305216,0.3829919453248769,-0.4338660239901682,0.043571135864147736,0.405172301212198
422917,Martín Rio,Querétaro,2024/2025,Right Centre Back,0,Ball-Playing Libero,0.0675061579531886,0.21122647139493164,0.38433968055930295,-0.1961055408504216,0.43866251892606395,-0.35079967393370465
25596,Franco Matías Russo Panos,Querétaro,2024/2025,Right Centre Back,2,Positional Blocker,-0.14782959502442336,-0.319168846118366,0.040756614782815066,-0.4006305094495701,0.5764350374556484,0.10153152697388199
6794,Gustavo Daniel Cabral Cáceres,Pachuca,2024/2025,Right Centre Back,1,Aggressive Stopper,-0.22471137167355704,0.051972149857126365,-0.5235651182713374,0.1756233535216114,0.07946751828492205,-0.598499589418486
34581,Sergio Damián Barreto,Pachuca,2024/2025,Left Centre Back,0,Ball-Playing Libero,-0.19349452113448273,-0.5423943847802265,-0.010732493884150322,-0.28458300784054547,0.3817115336051286,-0.35278577303790976
35545,Adonis Uriel Frías,León,2024/2025,Left Centre Back,2,Positional Blocker,-0.5067573601571408,-0.22671054598116053,0.24321376575173778,0.19374576489669693,0.39133384432624124,-0.40266312450711134
6612,Rubén Duarte Sánchez,Pumas UNAM,2024/2025,Left Centre Back,2,Positional Blocker,-0.5510255917984821,0.3280614821247832,0.5239314215852954,0.16105748841644477,-0.0134595346455505,-0.3308717516232537
27967,Unai Bilbao Arteta,Tijuana,2024/2025,Left Centre Back,2,Positional Blocker,-0.6728949580089408,0.21366239943376733,-0.4071009737293036,-0.4090609485023247,0.041195281261076945,-0.026731251860569922
5201,Sergio Ramos García,Monterrey,2024/2025,Left Centre Back,2,Positional Blocker,-0.7393964413443915,-0.18450878816506872,-0.38261685950288377,0.12042644169861999,-0.24888332268615132,-0.07626606644732695
